Ticker,Company
AAPL,APPLE INC COM
MSFT,MICROSOFT CORP COM
AMZN,AMAZON COM INC COM
FB,FACEBOOK INC
JPM,JPMORGAN CHASE & CO COM
XOM,EXXON MOBIL CORP COM
GOOGL,ALPHABET INC CL A
GOOG,ALPHABET INC CL C
JNJ,JOHNSON & JOHNSON COM
BAC,BANK OF AMERICA CORP COM
INTC,INTEL CORP COM
BRK.B,BERKSHIRE HATHAWAY I CL B NEW
WFC,WELLS FARGO & CO NEW COM
CVX,CHEVRON CORP NEW COM
V,VISA INC COM CL A
UNH,UNITEDHEALTH GROUP I COM
HD,HOME DEPOT INC COM
PFE,PFIZER INC COM
BA,BOEING CO COM
CSCO,CISCO SYS INC COM
T,AT&T INC COM
VZ,VERIZON COMMUNICATIO COM
PG,PROCTER & GAMBLE CO COM
MA,MASTERCARD INC CL A
C,CITIGROUP INC
KO,COCA COLA CO COM
MRK,MERCK & CO INC NEW COM
ABBV,ABBVIE INC
DWDP,DOWDUPONT INC
ORCL,ORACLE CORP COM
NFLX,NETFLIX INC COM
CMCSA,COMCAST CORP NEW CL A
PEP,PEPSICO INC COM
DIS,DISNEY WALT CO COM DISNEY
NVDA,NVIDIA CORP COM
IBM,INTERNATIONAL BUSINE COM
BRK.A,BERKSHIRE HATHAWAY I CL A
MCD,MCDONALDS CORP COM
PM,PHILIP MORRIS INTL I COM
ADBE,ADOBE SYS INC COM
WMT,WALMART INC
GE,GENERAL ELECTRIC CO COM
AMGN,AMGEN INC COM
MMM,3M CO COM
MDT,MEDTRONIC PLC
UNP,UNION PAC CORP COM
HON,HONEYWELL INTL INC COM
TXN,TEXAS INSTRS INC COM
ABT,ABBOTT LABS COM
MO,ALTRIA GROUP INC COM
AVGO,BROADCOM INC
BKNG,BOOKING HOLDINGS INC
ACN,ACCENTURE PLC IRELAN SHS CLASS A
SLB,SCHLUMBERGER LTD COM
UTX,UNITED TECHNOLOGIES COM
PYPL,PAYPAL HOLDINGS INC
NKE,NIKE INC CL B
CRM,SALESFORCE COM INC COM
CAT,CATERPILLAR INC DEL COM
GILD,GILEAD SCIENCES INC COM
COST,COSTCO WHSL CORP NEW COM
QCOM,QUALCOMM INC COM
BMY,BRISTOL MYERS SQUIBB COM
LLY,LILLY ELI & CO COM
TMO,THERMO FISHER SCIENT COM
UPS,UNITED PARCEL SERVIC CL B
COP,CONOCOPHILLIPS COM
USB,US BANCORP DEL COM NEW
NEE,NEXTERA ENERGY INC COM
GS,GOLDMAN SACHS GROUP COM
LMT,LOCKHEED MARTIN CORP COM
SBUX,STARBUCKS CORP COM
LOW,LOWES COS INC COM
TWX,TIME WARNER INC COM NEW
EOG,EOG RES INC COM
MS,MORGAN STANLEY COM NEW
AXP,AMERICAN EXPRESS CO COM
SCHW,SCHWAB CHARLES CORP COM
MU,MICRON TECHNOLOGY IN COM
PNC,PNC FINL SVCS GROUP COM
OXY,OCCIDENTAL PETE CORP COM
CVS,CVS HEALTH CORP
DHR,DANAHER CORP DEL COM
BIIB,BIOGEN INC
AMT,AMERICAN TOWER CORP NEW
RTN,RAYTHEON CO COM NEW
FDX,FEDEX CORP COM
BLK,BLACKROCK INC COM
CELG,CELGENE CORP COM
BDX,BECTON DICKINSON & C COM
CB,CHUBB LTD
AET,AETNA INC NEW COM
NOC,NORTHROP GRUMMAN COR COM
ANTM,ANTHEM INC
MDLZ,MONDELEZ INTL INC CL A
CME,CME GROUP INC COM
CL,COLGATE PALMOLIVE CO COM
ADP,AUTOMATIC DATA PROCE COM
CSX,CSX CORP COM
TJX,TJX COS INC NEW COM
DUK,DUKE ENERGY CORP NEW
GM,GENERAL MTRS CO COM
MON,MONSANTO CO NEW COM
AMAT,APPLIED MATLS INC COM
PSX,PHILLIPS 66
VLO,VALERO ENERGY CORP N COM
WBA,WALGREENS BOOTS ALLIANCE INC
AGN,ALLERGAN PLC
SYK,STRYKER CORP COM
ISRG,INTUITIVE SURGICAL I COM NEW
SPG,SIMON PPTY GROUP INC COM
ATVI,ACTIVISION BLIZZARD COM
GD,GENERAL DYNAMICS COR COM
SPGI,S&P GLOBAL INC
BK,BANK NEW YORK MELLON CORP
INTU,INTUIT COM
DE,DEERE & CO COM
AIG,AMERICAN INTL GROUP COM NEW
COF,CAPITAL ONE FINL COR COM
F,FORD MTR CO DEL COM PAR $0.01
SO,SOUTHERN CO COM
EMR,EMERSON ELEC CO COM
PX,PRAXAIR INC COM
CTSH,COGNIZANT TECHNOLOGY CL A
CHTR,CHARTER COMMUNICATIO CL A NEW
CCI,CROWN CASTLE INTL CO COM
NSC,NORFOLK SOUTHERN COR COM
ESRX,EXPRESS SCRIPTS HLDG CO
BSX,BOSTON SCIENTIFIC CO COM
ITW,ILLINOIS TOOL WKS IN COM
CI,CIGNA CORP COM
D,DOMINION ENERGY INC
ICE,INTERCONTINENTAL EXCHANGE INC
PRU,PRUDENTIAL FINL INC COM
BBT,BB&T CORP COM
MMC,MARSH & MCLENNAN COS COM
FOXA,TWENTY-FIRST CENTURY FOX INC CL A
ZTS,ZOETIS INC
EA,ELECTRONIC ARTS INC COM
HUM,HUMANA INC COM
ILMN,ILLUMINA INC COM
EXC,EXELON CORP COM
TGT,TARGET CORP COM
HAL,HALLIBURTON CO COM
VRTX,VERTEX PHARMACEUTICA COM
MPC,MARATHON PETROLEUM CORP
TSLA,TESLA INC
MET,METLIFE INC COM
APC,ANADARKO PETE CORP COM
ECL,ECOLAB INC COM
BAX,BAXTER INTL INC COM
STZ,CONSTELLATION BRANDS CL A
MAR,MARRIOTT INTL INC NE CL A
EBAY,EBAY INC COM
HPQ,HP INC
ADI,ANALOG DEVICES INC COM
PGR,PROGRESSIVE CORP OHI COM
WM,WASTE MGMT INC DEL COM
LYB,LYONDELLBASELL INDUS SHS - A -
KMB,KIMBERLY CLARK CORP COM
APD,AIR PRODS & CHEMS IN COM
AFL,AFLAC INC COM
KHC,THE KRAFT HEINZ COMPANY
TRV,TRAVELERS COMPANIES COM
DAL,DELTA AIR LINES INC COM NEW
AON,AON PLC
PLD,PROLOGIS INC
FIS,FIDELITY NATL INFORM COM
ETN,EATON CORP PLC
STT,STATE STR CORP COM
EL,LAUDER ESTEE COS INC CL A
AEP,AMERICAN ELEC PWR IN COM
ALL,ALLSTATE CORP COM
PXD,PIONEER NAT RES CO COM
TEL,TE CONNECTIVITY LTD
LRCX,LAM RESEARCH CORP COM
SHW,SHERWIN WILLIAMS CO COM
LVS,LAS VEGAS SANDS CORP COM
STI,SUNTRUST BKS INC COM
PSA,PUBLIC STORAGE COM
KMI,KINDER MORGAN INC DEL
JCI,JOHNSON CONTROLS INTERNATIONAL PLC
EQIX,EQUINIX INC
NOW,SERVICENOW INC
SYY,SYSCO CORP COM
FISV,FISERV INC COM
ROST,ROSS STORES INC COM
MCK,MCKESSON CORP COM
SRE,SEMPRA ENERGY COM
HCA,HCA HEALTHCARE INC
EW,EDWARDS LIFESCIENCES COM
RHT,RED HAT INC COM
ADSK,AUTODESK INC COM
ROP,ROPER TECHNOLOGIES INC
WY,WEYERHAEUSER CO COM
TROW,PRICE T ROWE GROUP I COM
OKE,ONEOK INC NEW COM
MCO,MOODYS CORP COM
YUM,YUM BRANDS INC COM
LUV,SOUTHWEST AIRLS CO COM
PEG,PUBLIC SVC ENTERPRIS COM
APH,AMPHENOL CORP NEW CL A
DXC,DXC TECHNOLOGY CO
DFS,DISCOVER FINL SVCS COM
APTV,APTIV PLC
SYF,SYNCHRONY FINL
VFC,V F CORP COM
ALGN,ALIGN TECHNOLOGY INC COM
PPG,PPG INDS INC COM
CCL,CARNIVAL CORP PAIRED CTF
WDC,WESTERN DIGITAL CORP COM
ALXN,ALEXION PHARMACEUTIC COM
ADM,ARCHER DANIELS MIDLA COM
HLT,HILTON WORLDWIDE HLDGS INC
GIS,GENERAL MLS INC COM
HPE,HEWLETT PACKARD ENTERPRISE
WP,WORLDPAY INC
REGN,REGENERON PHARMACEUT COM
ED,CONSOLIDATED EDISON COM
DG,DOLLAR GEN CORP NEW COM
EQR,EQUITY RESIDENTIAL SH BEN INT
GLW,CORNING INC COM
MTB,M & T BK CORP COM
FCX,FREEPORT-MCMORAN INC
XEL,XCEL ENERGY INC COM
AVB,AVALONBAY CMNTYS INC COM
MCHP,MICROCHIP TECHNOLOGY COM
FTV,FORTIVE CORP
PH,PARKER HANNIFIN CORP COM
ORLY,O REILLY AUTOMOTIVE COM
ZBH,ZIMMER BIOMET HOLDINGS INC
CNC,CENTENE CORP DEL COM
COL,ROCKWELL COLLINS INC COM
ROK,ROCKWELL AUTOMATION COM
CMI,CUMMINS INC COM
PCG,PG&E CORP COM
WMB,WILLIAMS COS INC DEL COM
NTRS,NORTHERN TR CORP COM
IP,INTL PAPER CO COM
DLR,DIGITAL RLTY TR INC COM
TWTR,TWITTER INC
PCAR,PACCAR INC COM
IR,INGERSOLL-RAND PLC SHS
DVN,DEVON ENERGY CORP NE COM
MNST,MONSTER BEVERAGE CORP
KR,KROGER CO COM
DPS,DR PEPPER SNAPPLE GR COM
SWK,STANLEY BLACK & DECK COM
WELL,WELLTOWER INC
FITB,FIFTH THIRD BANCORP COM
PAYX,PAYCHEX INC COM
RF,REGIONS FINL CORP NEW
ANDV,ANDEAVOR
KEY,KEYCORP NEW COM
NEM,NEWMONT MINING CORP COM
AMP,AMERIPRISE FINL INC COM
CXO,CONCHO RES INC COM
NUE,NUCOR CORP COM
WCN,WASTE CONNECTIONS INC
EIX,EDISON INTL COM
TSN,TYSON FOODS INC CL A
A,AGILENT TECHNOLOGIES COM
WLTW,WILLIS TOWERS WATSON PLC
WEC,WEC ENERGY GROUP INC
CFG,CITIZENS FINL GROUP INC
MYL,MYLAN N.V.
DLTR,DOLLAR TREE INC COM
VTR,VENTAS INC COM
PPL,PPL CORP COM
CERN,CERNER CORP COM
INFO,IHS MARKIT LTD
BXP,BOSTON PROPERTIES IN COM
HIG,HARTFORD FINL SVCS G COM
SBAC,SBA COMMUNICATIONS CORP CL A REIT
AAL,AMERICAN AIRLINES GROUP INC
LH,LABORATORY CORP AMER COM NEW
DTE,DTE ENERGY CO COM
NTAP,NETAPP INC COM
MRO,MARATHON OIL CORP COM
PANW,PALO ALTO NETWORKS INC
IDXX,IDEXX LABS INC COM
ES,EVERSOURCE ENERGY
HES,HESS CORP COM
UAL,UNITED CONTL HLDGS I COM
SWKS,SKYWORKS SOLUTIONS I COM
RCL,ROYAL CARIBBEAN CRUI COM
WDAY,WORKDAY INC.
FLT,FLEETCOR TECHNOLOGIE COM
HRS,HARRIS CORP DEL COM
K,KELLOGG CO COM
AZO,AUTOZONE INC COM
KLAC,KLA-TENCOR CORP COM
GPN,GLOBAL PMTS INC COM
CTL,CENTURYLINK INC COM
NBL,NOBLE ENERGY INC COM
XLNX,XILINX INC COM
MSI,MOTOROLA SOLUTIONS INC
BBY,BEST BUY INC COM
VMC,VULCAN MATLS CO COM
AME,AMETEK INC NEW COM
ETFC,E TRADE FINANCIAL CO COM NEW
AMTD,TD AMERITRADE HLDG C COM
FOX,TWENTY-FIRST CENTURY FOX INC CL B
TMUS,T-MOBILE US INC
VRSK,VERISK ANALYTICS INC
OMC,OMNICOM GROUP INC COM
GWW,GRAINGER W W INC COM
CBS,CBS CORP NEW CL B
MXIM,MAXIM INTEGRATED PRO COM
SIVB,SVB FINL GROUP COM
CAH,CARDINAL HEALTH INC COM
HBAN,HUNTINGTON BANCSHARE COM
DVMT,DELL TECHNOLOGIES INC
FE,FIRSTENERGY CORP COM
CMA,COMERICA INC COM
IQV,IQVIA HOLDINGS INC
PFG,PRINCIPAL FINL GROUP COM
WYNN,WYNN RESORTS LTD COM
ABMD,ABIOMED INC COM
MGM,MGM RESORTS INTERNAT COM
FRC,FIRST REP BK SAN FRANCISCO CAL
HST,HOST HOTELS & RESORT COM
BMRN,BIOMARIN PHARMACEUTI COM
ESS,ESSEX PPTY TR INC COM
NOV,NATIONAL OILWELL VAR COM
TDG,TRANSDIGM GROUP INC COM
TXT,TEXTRON INC COM
SPLK,SPLUNK INC
CLX,CLOROX CO DEL COM
CTAS,CINTAS CORP COM
LLL,L3 TECHNOLOGIES INC
TIF,TIFFANY & CO NEW COM
CE,CELANESE CORP DEL COM SER A
FAST,FASTENAL CO COM
APA,APACHE CORP COM
O,REALTY INCOME CORP COM
EXPE,EXPEDIA GROUP INC
DHI,D R HORTON INC COM
WRK,WESTROCK CO
SQ,SQUARE INC
CAG,CONAGRA BRANDS INC
AWK,AMERICAN WTR WKS CO COM
BHGE,"BAKER HUGHES, A GE CO"
RMD,RESMED INC COM
MSCI,MSCI INC
ETR,ENTERGY CORP NEW COM
WAT,WATERS CORP COM
DGX,QUEST DIAGNOSTICS IN COM
RSG,REPUBLIC SVCS INC COM
MKL,MARKEL CORP COM
LNC,LINCOLN NATL CORP IN COM
STX,SEAGATE TECHNOLOGY P SHS
AEE,AMEREN CORP COM
ULTA,ULTA BEAUTY INC COM
XL,XL GROUP LTD
CBRE,CBRE GROUP INC
TSS,TOTAL SYS SVCS INC COM
BF.B,BROWN FORMAN CORP CL B
MTD,METTLER TOLEDO INTER COM
MLM,MARTIN MARIETTA MATL COM
CSGP,COSTAR GROUP INC COM
HFC,HOLLYFRONTIER CORP
EFX,EQUIFAX INC COM
CTXS,CITRIX SYS INC COM
L,LOEWS CORP COM
ANSS,ANSYS INC COM
EQT,EQT CORP COM
ABC,AMERISOURCEBERGEN CO COM
EMN,EASTMAN CHEM CO COM
URI,UNITED RENTALS INC COM
BR,BROADRIDGE FINL SOLU COM
LNG,CHENIERE ENERGY INC COM NEW
LEN,LENNAR CORP CL A
LEA,LEAR CORP COM NEW
EXPD,EXPEDITORS INTL WASH COM
SNPS,SYNOPSYS INC COM
CMS,CMS ENERGY CORP COM
BLL,BALL CORP COM
SYMC,SYMANTEC CORP COM
MHK,MOHAWK INDS INC COM
NKTR,NEKTAR THERAPEUTICS COM
HSY,HERSHEY CO COM
TTWO,TAKE-TWO INTERACTIVE COM
RJF,RAYMOND JAMES FINANC COM
ARE,ALEXANDRIA REAL ESTA COM
GPC,GENUINE PARTS CO COM
XYL,XYLEM INC
XPO,XPO LOGISTICS INC
GGP,GGP INC
TRU,TRANSUNION
AMD,ADVANCED MICRO DEVIC COM
KMX,CARMAX INC COM
TPR,TAPESTRY INC
TFX,TELEFLEX INC COM
PVH,PVH CORP
INCY,INCYTE CORP COM
CDW,CDW CORP
MKC,MCCORMICK & CO INC COM NON VTG
CHRW,C H ROBINSON WORLDWI COM NEW
AKAM,AKAMAI TECHNOLOGIES COM
NLY,ANNALY CAP MGMT INC COM
ANET,ARISTA NETWORKS INC
AJG,GALLAGHER ARTHUR J & COM
CMG,CHIPOTLE MEXICAN GRI COM
CDNS,CADENCE DESIGN SYSTE COM
DOV,DOVER CORP COM
VNO,VORNADO RLTY TR SH BEN INT
IAC,IAC INTERACTIVECORP COM PAR $.001
FANG,DIAMONDBACK ENERGY INC
CHD,CHURCH & DWIGHT INC COM
FMC,F M C CORP COM NEW
MAS,MASCO CORP COM
SJM,SMUCKER J M CO COM NEW
NWL,NEWELL BRANDS INC
EXR,EXTRA SPACE STORAGE COM
IT,GARTNER INC COM
CPRT,COPART INC COM
CNP,CENTERPOINT ENERGY I COM
HCP,HCP INC COM
JBHT,HUNT J B TRANS SVCS COM
KSS,KOHLS CORP COM
CA,CA INC COM
ALLY,ALLY FINANCIAL INC
STLD,STEEL DYNAMICS INC COM
IVZ,INVESCO LTD SHS
BEN,FRANKLIN RES INC COM
COO,COOPER COS INC COM NEW
PKG,PACKAGING CORP AMER COM
KSU,KANSAS CITY SOUTHERN COM NEW
KEYS,KEYSIGHT TECHNOLOGIES INC
CBOE,CBOE GLOBAL MARKETS INC
ODFL,OLD DOMINION FGHT LI COM
TAP,MOLSON COORS BREWING CL B
ZION,ZIONS BANCORPORATION COM
DPZ,DOMINOS PIZZA INC COM
CINF,CINCINNATI FINL CORP COM
DRI,DARDEN RESTAURANTS I COM
VRSN,VERISIGN INC COM
VAR,VARIAN MED SYS INC COM
NLSN,NIELSEN HLDGS PLC
FFIV,F5 NETWORKS INC COM
ON,ON SEMICONDUCTOR COR COM
NDAQ,NASDAQ INC COM
TRGP,TARGA RES CORP COM
HSIC,SCHEIN HENRY INC COM
M,MACYS INC COM
MAA,MID-AMER APT CMNTYS COM
IEX,IDEX CORP COM
COG,CABOT OIL & GAS CORP COM
LULU,LULULEMON ATHLETICA COM
NCLH,NORWEGIAN CRUISE LINE HLDGS LT
HOLX,HOLOGIC INC COM
NVR,NVR INC COM
ALB,ALBEMARLE CORP COM
NRG,NRG ENERGY INC COM NEW
WYN,WYNDHAM WORLDWIDE CO COM
BWA,BORGWARNER INC COM
ACGL,ARCH CAP GROUP LTD ORD
QRVO,QORVO INC
GDDY,GODADDY INC
SSNC,SS&C TECHNOLOGIES HL COM
XRAY,DENTSPLY SIRONA INC
EWBC,EAST WEST BANCORP IN COM
DRE,DUKE REALTY CORP COM NEW
PTC,PTC INC
JNPR,JUNIPER NETWORKS INC COM
BURL,BURLINGTON STORES INC
VMW,VMWARE INC CL A COM
HII,HUNTINGTON INGALLS INDS INC
ADS,ALLIANCE DATA SYSTEM COM
ATO,ATMOS ENERGY CORP COM
WCG,WELLCARE HEALTH PLAN COM
BG,BUNGE LIMITED COM
UDR,UDR INC COM
MTN,VAIL RESORTS INC COM
HAS,HASBRO INC COM
SPR,SPIRIT AEROSYSTEMS H COM CL A
JKHY,HENRY JACK & ASSOC I COM
IFF,INTERNATIONAL FLAVOR COM
SLG,SL GREEN RLTY CORP COM
RGA,REINSURANCE GROUP AM COM NEW
JAZZ,JAZZ PHARMACEUTICALS PLC
CF,CF INDS HLDGS INC COM
FNF,FNF GROUP
LNT,ALLIANT ENERGY CORP COM
UHS,UNIVERSAL HLTH SVCS CL B
VIAB,VIACOM INC NEW CL B
ARMK,ARAMARK
MOS,MOSAIC CO (HOLDING CO)
HRL,HORMEL FOODS CORP COM
WHR,WHIRLPOOL CORP COM
VOYA,VOYA FINANCIAL INC
TSCO,TRACTOR SUPPLY CO COM
LKQ,LKQ CORP COM
LW,LAMB WESTON HOLDINGS INC
TMK,TORCHMARK CORP COM
PRGO,PERRIGO CO PLC
QRTEA,QURATE RETAIL INC SER A
AVY,AVERY DENNISON CORP COM
RE,EVEREST RE GROUP LTD COM
JEC,JACOBS ENGR GROUP IN COM
AOS,SMITH A O COM
DVA,DAVITA INC
WU,WESTERN UN CO COM
LDOS,"LEIDOS HOLDINGS, INC"
FTNT,FORTINET INC COM
AAP,ADVANCE AUTO PARTS I COM
SEIC,SEI INVESTMENTS CO COM
IRM,IRON MTN INC COM
VST,VISTRA ENERGY CORP
REG,REGENCY CTRS CORP COM
BLUE,BLUEBIRD BIO INC
CC,THE CHEMOURS CO
ALNY,ALNYLAM PHARMACEUTIC COM
PNW,PINNACLE WEST CAP CO COM
AA,ALCOA CORPORATION
XEC,CIMAREX ENERGY CO COM
GRUB,GRUBHUB INC
AMG,AFFILIATED MANAGERS COM
STE,STERIS PLC
IPG,INTERPUBLIC GROUP CO COM
ST,SENSATA TECHNOLOGIES HLDG PLC
UGI,UGI CORP NEW COM
FDC,FIRST DATA CORP - CLASS A
FRT,FEDERAL REALTY INVT SH BEN INT NEW
CDK,CDK GLOBAL INC
NBIX,NEUROCRINE BIOSCIENC COM
UNM,UNUM GROUP COM
VEEV,VEEVA SYSTEMS INC CL A
MRVL,MARVELL TECHNOLOGY G ORD
NI,NISOURCE INC COM
FBHS,FORTUNE BRANDS HOME & SECURITY INC C
WAB,WABTEC CORP COM
AES,AES CORP COM
IPGP,IPG PHOTONICS CORP COM
SNA,SNAP ON INC COM
Y,ALLEGHANY CORP DEL COM
TYL,TYLER TECHNOLOGIES I COM
TRMB,TRIMBLE INC
KORS,MICHAEL KORS HLDGS LTD
PKI,PERKINELMER INC COM
ZBRA,ZEBRA TECHNOLOGIES C CL A
CPT,CAMDEN PPTY TR SH BEN INT
LB,L BRANDS INC
WR,WESTAR ENERGY INC COM
INGR,INGREDION INC
SIRI,SIRIUS XM HLDGS INC
LII,LENNOX INTL INC COM
AGNC,AGNC INVT CORP
FDS,FACTSET RESH SYS INC COM
MAC,MACERICH CO COM
PHM,PULTE GROUP INC COM
AFG,AMERICAN FINL GROUP COM
LSXMK,LIBERTY MEDIA CORP SER C LIBERTY SIRIUSXM
OA,ORBITAL ATK INC
SERV,SERVICEMASTER GLOBAL HLDGS INC
GGG,GRACO INC COM
USFD,US FOODS HOLDING CORP
DXCM,DEXCOM INC COM
ARNC,ARCONIC INC
MKTX,MARKETAXESS HLDGS IN COM
GPS,GAP INC DEL COM
PF,PINNACLE FOODS INC
WEX,WEX INC
CGNX,COGNEX CORP COM
KRC,KILROY RLTY CORP COM
RHI,ROBERT HALF INTL INC COM
ALK,ALASKA AIR GROUP INC COM
FLIR,FLIR SYS INC COM
RL,RALPH LAUREN CORP
ULTI,ULTIMATE SOFTWARE GR COM
TER,TERADYNE INC COM
JLL,JONES LANG LASALLE I COM
ALKS,ALKERMES PLC
LBRDK,LIBERTY BROADBAND CORP SERIES C
ZAYO,ZAYO GROUP HOLDINGS INC
SUI,SUN CMNTYS INC
GXP,GREAT PLAINS ENERGY COM
SEE,SEALED AIR CORP NEW COM
ALLE,ALLEGION PUBLIC LIMITED COMPANY
CZR,CAESARS ENTMT CORP
WPX,WPX ENERGY INC
ELS,EQUITY LIFESTYLE PPT COM
HDS,HD SUPPLY HOLDINGS INC
EXAS,EXACT SCIENCES CORP COM
WPC,W P CAREY INC
BKI,BLACK KNIGHT INC
GLPI,GAMING & LEISURE PPTYS INC
KAR,KAR AUCTION SVCS INC COM
PE,PARSLEY ENERGY INC
OC,OWENS CORNING NEW COM
PNR,PENTAIR PLC
GWRE,GUIDEWIRE SOFTWARE INC
OGE,OGE ENERGY CORP COM
VER,VEREIT INC
WRB,BERKLEY W R CORP COM
ATH,ATHENE HOLDING LTD CL A
HOG,HARLEY DAVIDSON INC COM
WST,WEST PHARMACEUTICAL COM
HP,HELMERICH & PAYNE IN COM
AXTA,AXALTA COATING SYSTEMS LTD
PACW,PACWEST BANCORP DEL COM
FLR,FLUOR CORP NEW COM
TDY,TELEDYNE TECHNOLOGIE COM
AZPN,ASPEN TECHNOLOGY INC COM
PII,POLARIS INDS INC COM
LAZ,LAZARD LTD SHS A
SAGE,SAGE THERAPEUTICS INC
CSL,CARLISLE COS INC COM
BWXT,BWX TECHNOLOGIES INC
JEF,JEFFERIES FINL GROUP INC
RPM,RPM INTL INC COM
SBNY,SIGNATURE BK NEW YOR COM
GNTX,GENTEX CORP COM
EGN,ENERGEN CORP COM
XRX,XEROX CORP COM
CPB,CAMPBELL SOUP CO COM
HBI,HANESBRANDS INC COM
CFR,CULLEN FROST BANKERS COM
FL,FOOT LOCKER INC COM
NDSN,NORDSON CORP COM
BRO,BROWN & BROWN INC COM
HUN,HUNTSMAN CORP COM
LPT,LIBERTY PPTY TR SH BEN INT
ARW,ARROW ELECTRS INC COM
WBC,WABCO HLDGS INC COM
X,UNITED STATES STL CO COM
RS,RELIANCE STEEL & ALU COM
SCI,SERVICE CORP INTL COM
AIV,APARTMENT INVT & MGM CL A
DISH,DISH NETWORK CORP CL A
PBCT,PEOPLES UNITED FINAN COM
HXL,HEXCEL CORP NEW COM
FWONK,LIBERTY MEDIA CORP SER C
NNN,NATIONAL RETAIL PPTYS INC
DATA,TABLEAU SOFTWARE INC
BERY,BERRY GLOBAL GROUP INC
Z,ZILLOW GROUP INC CL C
CLR,CONTINENTAL RESOURCE COM
INVH,INVITATION HOMES INC
KIM,KIMCO RLTY CORP COM
GRMN,GARMIN LTD SHS
BAH,BOOZ ALLEN HAMILTON CL A
SGEN,SEATTLE GENETICS INC COM
CBSH,COMMERCE BANCSHARES COM
DEI,DOUGLAS EMMETT INC COM
EPAM,EPAM SYSTEMS INC
WTR,AQUA AMERICA INC COM
EXEL,EXELIXIS INC COM
DCI,DONALDSON INC COM
DCT,DCT INDUSTRIAL TRUST INC
SNV,SYNOVUS FINL CORP COM
MKSI,MKS INSTRUMENT INC COM
HRC,HILL ROM HLDGS INC COM
JBLU,JETBLUE AIRWAYS CORP COM
OHI,OMEGA HEALTHCARE INV COM
FHN,FIRST HORIZON NATL C COM
EHC,ENCOMPASS HEALTH CORP
EV,EATON VANCE CORP COM NON VTG
ATHN,ATHENAHEALTH INC COM
BIO,BIO RAD LABS INC CL A
NRZ,NEW RESIDENTIAL INVT CORP
MAN,MANPOWERGROUP
COTY,COTY INC CL A
TTC,TORO CO COM
HUBB,HUBBELL INC
WBS,WEBSTER FINL CORP CO COM
LPLA,LPL FINL HLDGS INC
PFPT,PROOFPOINT INC
GT,GOODYEAR TIRE & RUBR COM
RGLD,ROYAL GOLD INC COM
VVC,VECTREN CORP COM
BFAM,BRIGHT HORIZONS FAMILY SOLUTIONS INC
NFX,NEWFIELD EXPL CO COM
PK,PARK HOTELS & RESORTS INC
IONS,IONIS PHARMACEUTICALS INC
CCK,CROWN HOLDINGS INC COM
LAMR,LAMAR ADVERTISING CO CL A
CIT,CIT GROUP INC COM NEW
OZRK,BANK OF THE OZARKS I COM
DNKN,"DUNKIN' BRANDS GROUP, INC."
SRPT,SAREPTA THERAPEUTICS INC
NWSA,NEWS CORP LLC CL A
ATR,APTARGROUP INC COM
HRB,BLOCK H & R INC COM
LYV,LIVE NATION ENTERTAI COM
DISCK,DISCOVERY INC SER C
WAL,WESTERN ALLIANCE BAN COM
JWN,NORDSTROM INC COM
LOGM,LOGMEIN INC COM
TECH,BIO-TECHNE CORP
WSO,WATSCO INC COM
NTNX,NUTANIX INC CL A
COMM,COMMSCOPE HLDG CO INC
LECO,LINCOLN ELEC HLDGS I COM
TRIP,TRIPADVISOR INC
PWR,QUANTA SVCS INC COM
JHG,JANUS HENDERSON GROUP PLC
MIDD,MIDDLEBY CORP COM
BC,BRUNSWICK CORP COM
CUBE,CUBESMART
RSPP,RSP PERMIAN INC
HPP,HUDSON PAC PPTYS INC COM
CAVM,CAVIUM INC
RIG,TRANSOCEAN LTD REG SHS
ALSN,ALLISON TRANSMISSION HLDG
FAF,FIRST AMERN FINL COR COM
CLB,CORE LABORATORIES N COM
PODD,INSULET CORP COM
ACC,AMERICAN CAMPUS CMNT COM
TOL,TOLL BROTHERS INC COM
LEG,LEGGETT & PLATT INC COM
POOL,POOL CORPORATION COM
HLF,HERBALIFE NUTRITION LTD
OSK,OSHKOSH CORP COM
MDU,MDU RES GROUP INC COM
KNX,KNIGHT-SWIFT TRANSN HLDGS INC CL A
SRCL,STERICYCLE INC COM
OLN,OLIN CORP COM PAR $1
ZEN,ZENDESK INC
FLS,FLOWSERVE CORP COM
STWD,STARWOOD PPTY TR INC COM
NYCB,NEW YORK CMNTY BANCO COM
LOPE,GRAND CANYON ED INC COM
MAT,MATTEL INC COM
CONE,CYRUSONE INC
FSLR,FIRST SOLAR INC COM
ORI,OLD REP INTL CORP COM
HTA,HEALTHCARE TRUST OF AMERICA INC
FICO,FAIR ISAAC CORP COM
ACM,AECOM
STL,STERLING BANCORP
CTLT,CATALENT INC
CY,CYPRESS SEMICONDUCTO COM
CHE,CHEMED CORP NEW COM
TRN,TRINITY INDS INC COM
UMPQ,UMPQUA HLDGS CORP COM
EVHC,ENVISION HEALTHCARE CORPORATION
SCG,SCANA CORP NEW COM
CRI,CARTER INC COM
WTFC,WINTRUST FINANCIAL C COM
THG,HANOVER INS GROUP IN COM
LFUS,LITTELFUSE INC COM
VR,VALIDUS HOLDINGS LTD COM SHS
TWOU,2U INC
CRL,CHARLES RIV LABS INT COM
SON,SONOCO PRODS CO COM
SNAP,SNAP INC
CW,CURTISS WRIGHT CORP COM
SABR,SABRE CORP
MUR,MURPHY OIL CORP COM
W,WAYFAIR INC
RYN,RAYONIER INC COM
EXP,EAGLE MATERIALS INC COM
PAYC,PAYCOM SOFTWARE INC
AYI,ACUITY BRANDS INC COM
PNFP,PINNACLE FINL PARTNE COM
ENTG,ENTEGRIS INC COM
MPW,MEDICAL PPTYS TRUST COM
IBKR,INTERACTIVE BROKERS COM
HIW,HIGHWOODS PPTYS INC COM
MPWR,MONOLITHIC PWR SYS I COM
SLM,SLM CORP COM
PBF,PBF ENERGY INC
NATI,NATIONAL INSTRS CORP COM
PEN,PENUMBRA INC
RNR,RENAISSANCERE HOLDIN COM
AIZ,ASSURANT INC COM
FCE.A,FOREST CITY REALTY TRUST INC CL A
ROL,ROLLINS INC COM
HHC,HOWARD HUGHES CORP COM
KEX,KIRBY CORP COM
GRA,GRACE W R & CO DEL N COM
AMH,AMERICAN HOMES 4 RENT
BRX,BRIXMOR PROPERTY GROUP INC
ASH,ASHLAND GLOBAL HOLDINGS INC
HAE,HAEMONETICS CORP COM
TDC,TERADATA CORP DEL COM
GWR,GENESEE & WYO INC CL A
POST,POST HOLDING INC
TCBI,TEXAS CAPITAL BANCSH COM
PB,PROSPERITY BANCSHARE COM
CACC,CREDIT ACCEP CORP MI COM
LSTR,LANDSTAR SYS INC COM
WLL,WHITING PETE CORP NE COM
ASB,ASSOCIATED BANC CORP COM
JBL,JABIL INC
BLKB,BLACKBAUD INC COM
STOR,STORE CAP CORP
RNG,RINGCENTRAL INC
CREE,CREE INC COM
IDA,IDACORP INC COM
SIX,SIX FLAGS ENTMT CORP COM
THO,THOR INDS INC COM
G,GENPACT LIMITED SHS
BPOP,POPULAR INC
MASI,MASIMO CORP COM
PTEN,PATTERSON UTI ENERGY COM
MOH,MOLINA HEALTHCARE IN COM
AVT,AVNET INC COM
AGIO,AGIOS PHARMACEUTICALS INC
ITT,ITT INC
DNB,DUN & BRADSTREET COR COM
AR,ANTERO RES CORP
WGL,WGL HLDGS INC COM
EPR,EPR PPTYS COM SH BEN INT
HPT,HOSPITALITY PPTYS TR COM SH BEN INT
NFG,NATIONAL FUEL GAS CO COM
BHF,BRIGHTHOUSE FINANCIAL INC
LOXO,LOXO ONCOLOGY INC
SLAB,SILICON LABORATORIES COM
BKU,BANKUNITED INC
IART,INTEGRA LIFESCIENCES COM NEW
WLK,WESTLAKE CHEM CORP COM
ARRS,ARRIS INTERNATIONAL PLC
AXS,AXIS CAPITAL HOLDINGS LTD
MSG,MADISON SQUARE GARDEN CO
GPK,GRAPHIC PACKAGING HL COM
DLPH,DELPHI TECHNOLOGIES PLC
EME,EMCOR GROUP INC COM
GPT,GRAMERCY PROPERTY TRUST
IDTI,INTEGRATED DEVICE TE COM
ICUI,ICU MED INC COM
UTHR,UNITED THERAPEUTICS COM
AL,AIR LEASE CORP
VSM,VERSUM MATERIALS INC
PRI,PRIMERICA INC COM
NVT,NVENT ELECTRIC PLC
HEI.A,HEICO CORP NEW CL A
PRAH,PRA HEALTH SCIENCES INC
RP,REALPAGE INC COM
CLGX,CORELOGIC INC COM
LSI,LIFE STORAGE INC
IBKC,IBERIABANK CORP COM
MD,MEDNAX INC COM
AGCO,AGCO CORP COM
MDSO,MEDIDATA SOLUTIONS I COM
FNB,FNB CORP PA COM
HWC,HANCOCK WHITNEY CORP
LPX,LOUISIANA PAC CORP COM
DK,DELEK US HLDGS INC COM
NEWR,NEW RELIC INC
SNH,SENIOR HSG PPTYS TR SH BEN INT
WSM,WILLIAMS SONOMA INC COM
EEFT,EURONET WORLDWIDE IN COM
CR,CRANE CO COM
OLED,UNIVERSAL DISPLAY CO COM
WWD,WOODWARD INC
STMP,STAMPS COM INC COM NEW
APLE,APPLE HOSPITALITY REIT INC
COHR,COHERENT INC COM
MSM,MSC INDL DIRECT INC CL A
HUBS,HUBSPOT INC
OAS,OASIS PETE INC NEW COM
CACI,CACI INTL INC CL A
NUS,NU SKIN ENTERPRISES CL A
RLJ,RLJ LODGING TR
VVV,VALVOLINE INC
TCF,TCF FINL CORP COM
STAY,EXTENDED STAY AMERICA INC
LSXMA,LIBERTY MEDIA CORP SER A LIBERTY SIRIUSXM
FCFS,FIRSTCASH INC
CHFC,CHEMICAL FINL CORP COM
FGEN,FIBROGEN INC
PDCE,PDC ENERGY INC
VLY,VALLEY NATL BANCORP COM
MMS,MAXIMUS INC COM
NUAN,NUANCE COMMUNICATION COM
TXRH,TEXAS ROADHOUSE INC COM
AGO,ASSURED GUARANTY LTD COM
CUZ,COUSINS PPTYS INC COM
FR,FIRST INDUSTRIAL REA COM
MBFI,MB FINANCIAL INC NEW COM
SRC,SPIRIT RLTY CAP INC NEW
RRC,RANGE RES CORP COM
ALE,ALLETE INC COM NEW
OGS,ONE GAS INC
SHO,SUNSTONE HOTEL INVS COM
JBGS,JBG SMITH PROPERTIES
FIVE,FIVE BELOW INC
NJR,NEW JERSEY RES COM
JCOM,J2 GLOBAL INC
LHO,LASALLE HOTEL PPTYS COM SH BEN INT
CMD,CANTEL MEDICAL CORP COM
UAA,UNDER ARMOUR INC CL A
VC,VISTEON CORP
CHK,CHESAPEAKE ENERGY CO COM
LGND,LIGAND PHARMACEUTICA COM NEW
MTG,MGIC INVT CORP WIS COM
CNDT,CONDUENT INCORPORATED
BMS,BEMIS INC COM
GLIBA,GCI LIBERTY INC CL A
HQY,HEALTHEQUITY INC
GMED,GLOBUS MED INC
SF,STIFEL FINL CORP COM
ASGN,ASGN INC
POR,PORTLAND GEN ELEC CO COM NEW
BCO,BRINKS CO COM
CBRL,CRACKER BARREL OLD C COM
HE,HAWAIIAN ELEC INDUST COM
KLXI,KLX INC
MDR,MCDERMOTT INTL INC COM
NEOG,NEOGEN CORP COM
SKX,SKECHERS U S A INC CL A
SBRA,SABRA HEALTH CARE RE COM
EQC,EQUITY COMMONWEALTH COM
BTU,PEABODY ENERGY CORP
NCR,NCR CORP NEW COM
HGV,HILTON GRAND VACATIONS INC
AAXN,AXON ENTERPRISE INC
RHP,RYMAN HOSPITALITY PPTYS INC
UBSI,UNITED BANKSHARES IN COM
COR,CORESITE RLTY CORP COM
CASY,CASEYS GEN STORES IN COM
FLO,FLOWERS FOODS INC COM
NAVI,NAVIENT CORP
DLB,DOLBY LABORATORIES I COM
ENR,ENERGIZER HOLDINGS INC
NEU,NEWMARKET CORP COM
ILG,ILG INC
BOH,BANK HAWAII CORP COM
HOMB,HOME BANCSHARES INC COM
DECK,DECKERS OUTDOOR CORP COM
ATI,ALLEGHENY TECHNOLOGI COM
WRI,WEINGARTEN RLTY INVS SH BEN INT
THC,TENET HEALTHCARE CORP
UA,UNDER ARMOUR INC CL C
R,RYDER SYS INC COM
ETSY,ETSY INC
AEO,AMERICAN EAGLE OUTFI COM
CNK,CINEMARK HOLDINGS IN COM
H,HYATT HOTELS CORP COM CL A
PFGC,PERFORMANCE FOOD GROUP CO
TWLO,TWILIO INC
RBC,REGAL BELOIT CORP COM
USG,U S G CORP COM NEW
VSAT,VIASAT INC COM
UNIT,UNITI GROUP INC
OLLI,OLLIES BARGAIN OUTLET HOLDINGS INC
LITE,LUMENTUM HOLDINGS INC
ISBC,INVESTORS BANCORP INC NEW
UMBF,UMB FINL CORP COM
TREX,TREX CO INC COM
ELLI,ELLIE MAE INC
ZNGA,ZYNGA INC
RARE,ULTRAGENYX PHARMACEUTICAL INC
CLNS,COLONY NORTHSTAR INC
AVA,AVISTA CORP COM
NSP,INSPERITY INC
RDN,RADIAN GROUP INC COM
SWX,SOUTHWEST GAS HOLDINGS INC
HR,HEALTHCARE RLTY TR COM
SAIC,SCIENCE APPLICATIONS INTL CORP
PLNT,PLANET FITNESS INC
ARRY,ARRAY BIOPHARMA INC COM
SMG,SCOTTS MIRACLE GRO C CL A
POL,POLYONE CORP COM
FFIN,FIRST FINL BANKSHARE COM
YELP,YELP INC.
WFT,WEATHERFORD INTERNATIONAL PLC
SYNH,SYNEOS HEALTH INC
ACHC,ACADIA HEALTHCARE CO
CBT,CABOT CORP COM
ENS,ENERSYS COM
CNO,CNO FINL GROUP INC COM
SIGI,SELECTIVE INS GROUP COM
APY,APERGY CORP
CIEN,CIENA CORP COM NEW
TKR,TIMKEN CO COM
TECD,TECH DATA CORP COM
BPMC,BLUEPRINT MEDICINES CORP COM
SSB,SOUTH STATE CORP
AGR,AVANGRID INC
CIM,CHIMERA INVT CORP COM
DISCA,DISCOVERY INC SER A
GDOT,GREEN DOT CORP CL A
SR,SPIRE INC
GDI,GARDNER DENVER HLDGS INC
BXMT,BLACKSTONE MTG TR INC
RLGY,REALOGY HLDGS CORP
CATY,CATHAY GENERAL BANCO COM
CHDN,CHURCHILL DOWNS INC COM
DAN,DANA INCORPORATED
EVR,EVERCORE INC
BXS,BANCORPSOUTH BANK
SNX,SYNNEX CORP COM
SMTC,SEMTECH CORP COM
CDEV,CENTENNIAL RESOURCE DEV INC CL A
NGVT,INGEVITY CORP
DLX,DELUXE CORP COM
MSA,MSA SAFETY INC
SGMS,SCIENTIFIC GAMES CORP
PNM,PNM RES INC COM
CABO,CABLE ONE INC
LM,LEGG MASON INC COM
TCO,TAUBMAN CTRS INC COM
ZG,ZILLOW GROUP INC CL A
VMI,VALMONT INDS INC COM
FOLD,AMICUS THERAPEUTICS COM
SUM,SUMMIT MATERIALS INC
SRCI,SRC ENERGY INC
GNRC,GENERAC HLDGS INC COM
MIC,MACQUARIE INFRASTR CORP
GBCI,GLACIER BANCORP INC COM
BKH,BLACK HILLS CORP COM
COLB,COLUMBIA BKG SYS INC COM
MFA,MFA FINANCIAL INC COM
DAR,DARLING INGREDIENTS INC
MTZ,MASTEC INC COM
S,SPRINT CORP
BCPC,BALCHEM CORP COM
GEO,GEO GROUP INC COM
EGP,EASTGROUP PPTY INC COM
UNVR,UNIVAR INC
JW.A,WILEY JOHN & SONS IN CL A
PGRE,PARAMOUNT GROUP INC
TTEK,TETRA TECH INC NEW COM
SFLY,SHUTTERFLY INC COM
BRKR,BRUKER CORP COM
FULT,FULTON FINL CORP PA COM
PRLB,PROTO LABS INC
INGN,INOGEN INC
WWW,WOLVERINE WORLD WIDE COM
TEX,TEREX CORP NEW COM
KMT,KENNAMETAL INC COM
CBU,COMMUNITY BK SYS INC COM
RXN,REXNORD CORP NEW
OI,OWENS ILL INC COM NEW
ESNT,ESSENT GROUP LTD
SITE,SITEONE LANDSCAPE SUPPLY INC
UFS,DOMTAR CORP COM NEW
AEL,AMERICAN EQTY INVT L COM
KS,KAPSTONE PAPER & PAC COM
B,BARNES GROUP INC COM
PCH,POTLATCHDELTIC CORP
EQH,AXA EQUITABLE HLDGS INC
KMPR,KEMPER CORP DEL
CMPR,CIMPRESS N V SHS
BLD,TOPBUILD CORP
BYD,BOYD GAMING CORP COM
MANH,MANHATTAN ASSOCS INC COM
BOX,BOX INC
NYT,NEW YORK TIMES CO CL A
KFY,KORN FERRY INTL COM NEW
FEYE,FIREEYE INC
SM,SM ENERGY CO COM
IMMU,IMMUNOMEDICS INC COM
SXT,SENSIENT TECHNOLOGIE COM
URBN,URBAN OUTFITTERS INC COM
FFBC,FIRST FINL BANCORP O COM
QEP,QEP RES INC COM
NHI,NATIONAL HEALTH INVS COM
HEI,HEICO CORP NEW COM
WEN,WENDYS CO
ROLL,RBC BEARINGS INC COM
BDN,BRANDYWINE RLTY TR SH BEN INT NEW
CCMP,CABOT MICROELECTRONI COM
AMCX,AMC NETWORKS INC CL A
DKS,DICKS SPORTING GOODS COM
ERIE,ERIE INDTY CO CL A
NXST,NEXSTAR MEDIA GROUP INC CL A
ACIW,ACI WORLDWIDE INC COM
BECN,BEACON ROOFING SUPPL COM
UHAL,AMERCO COM
ESV,ENSCO PLC CL A
OFC,CORPORATE OFFICE PPT SH BEN INT
TRCO,TRIBUNE MEDIA CO CL A
PEB,PEBBLEBROOK HOTEL TR COM
FNGN,FINANCIAL ENGINES IN COM
AAN,AARONS INC COM PAR $0.50
CRS,CARPENTER TECHNOLOGY COM
SHOO,MADDEN STEVEN LTD COM
SKYW,SKYWEST INC COM
BGCP,BGC PARTNERS INC CL A
VSH,VISHAY INTERTECHNOLO COM
PENN,PENN NATL GAMING INC COM
WCC,WESCO INTL INC COM
WAFD,WASHINGTON FED INC COM
JBT,JOHN BEAN TECHNOLOGI COM
SWN,SOUTHWESTERN ENERGY COM
SJI,SOUTH JERSEY INDS IN COM
MTDR,MATADOR RES CO
EDR,EDUCATION RLTY TR IN COM
CVLT,COMMVAULT SYSTEMS IN COM
CHGG,CHEGG INC
OUT,OUTFRONT MEDIA INC
RLI,RLI CORP COM
UNF,UNIFIRST CORP MASS COM
SFM,SPROUTS FARMERS MARKET INC
WTW,WEIGHT WATCHERS INTL COM
COLM,COLUMBIA SPORTSWEAR COM
SUPN,SUPERNUS PHARMACEUTICALS INC
DY,DYCOM INDS INC COM
AWI,ARMSTRONG WORLD INDS COM
ATGE,ADTALEM GLOBAL ED INC
GATX,GATX CORP COM
IDCC,INTERDIGITAL INC COM
ONB,OLD NATL BANCORP IND COM
CHH,CHOICE HOTELS INTL I COM
DOC,PHYSICIANS RLTY TR
AN,AUTONATION INC COM
CLH,CLEAN HARBORS INC COM
WBT,WELBILT INC
TWO,TWO HBRS INVT CORP COM
THS,TREEHOUSE FOODS INC COM
UBSH,UNION BANKSHARES CORP
CAR,AVIS BUDGET GROUP COM
FMBI,FIRST MIDWEST BANCOR COM
AIT,APPLIED INDL TECHNOL COM
SSD,SIMPSON MANUFACTURIN COM
AMN,AMN HEALTHCARE SERVI COM
VRNT,VERINT SYS INC COM
NWE,NORTHWESTERN CORP COM NEW
RPAI,RETAIL PPTYS AMER INC
ESRT,EMPIRE STATE RLTY TR
MAXR,MAXAR TECHNOLOGIES LTD
XHR,XENIA HOTELS & RESORTS INC
HZNP,HORIZON PHARMA PLC
FCNCA,FIRST CTZNS BANCSHAR CL A
CPE,CALLON PETE CO DEL COM
CXP,COLUMBIA PPTY TR INC
SFNC,SIMMONS 1ST NATL COR CL A $1 PAR
HI,HILLENBRAND INC COM
WMGI,WRIGHT MEDICAL GROUP NV ORD SHS
KW,KENNEDY-WILSON HLDGS COM
PTLA,PORTOLA PHARMACEUTICALS INC
CMC,COMMERCIAL METALS CO COM
TDOC,TELADOC INC
NUVA,NUVASIVE INC COM
TPH,TRI POINTE GROUP INC
ERI,ELDORADO RESORTS INC
SIG,SIGNET JEWELERS LIMI SHS
FUL,FULLER H B CO COM
AEIS,ADVANCED ENERGY INDS COM
PAH,PLATFORM SPECIALTY PRODS CORP
PDM,PIEDMONT OFFICE REAL COM CL A
STAG,STAG INDUSTRIAL INC
MTX,MINERALS TECHNOLOGIE COM
AHL,ASPEN INSURANCE HOLD SHS
KBR,KBR INC COM
FCB,FCB FINANCIAL HOLDINGS INC
CSOD,"CORNERSTONE ONDEMAND, INC."
HYH,HALYARD HEALTH INC
GWB,GREAT WESTERN BANCORP INC
HAWK,BLACKHAWK NETWORK HLDGS INC
MYGN,MYRIAD GENETICS INC COM
DRH,DIAMONDROCK HOSPITAL COM
VAC,MARRIOTT VACATIONS WRLDWDE CORP
WTM,WHITE MTNS INS GROUP COM
CXW,CORECIVIC INC
IRWD,IRONWOOD PHARMACEUTI COM CL A
EXPO,EXPONENT INC COM
GHC,GRAHAM HOLDINGS CO
HAIN,HAIN CELESTIAL GROUP COM
ONCE,SPARK THERAPEUTICS INC
HCSG,HEALTHCARE SVCS GRP COM
CLF,CLEVELAND-CLIFFS INC
PAY,VERIFONE SYS INC COM
MOG.A,MOOG INC CL A
SAVE,SPIRIT AIRL INC
NBR,NABORS INDUSTRIES LT SHS
SLCA,U S SILICA HLDGS INC
QLYS,QUALYS INC
IIVI,II VI INC COM
BBBY,BED BATH & BEYOND IN COM
REXR,REXFORD INDL RLTY INC
CFX,COLFAX CORP COM
BID,SOTHEBYS COM
MMSI,MERIT MED SYS INC COM
UCBI,UNITED CMNTY BKS BLAIRSVLE GA
OMF,ONEMAIN HOLDINGS INC
AVYA,AVAYA HOLDINGS CORP
CVBF,CVB FINL CORP COM
IBOC,INTERNATIONAL BANCSH COM
LANC,LANCASTER COLONY COR COM
HELE,HELEN OF TROY CORP L COM
PSTG,PURE STORAGE INC - CLASS A
ATUS,ALTICE USA INC CL A
PLT,PLANTRONICS INC NEW COM
TMHC,TAYLOR MORRISON HOME CORP CL A
JACK,JACK IN THE BOX INC COM
TDS,TELEPHONE & DATA SYS INC
EE,EL PASO ELEC CO COM NEW
CRUS,CIRRUS LOGIC INC COM
RRR,RED ROCK RESORTS INC CL A
MC,MOELIS & CO CL A COM
LEXEA,LIBERTY EXPEDIA HLDGS INC CL A
EPC,EDGEWELL PERSONAL CARE COMPANY
VG,VONAGE HLDGS CORP COM
CNX,CNX RES CORP
OII,OCEANEERING INTL INC COM
LAD,LITHIA MTRS INC CL A
PSB,PS BUSINESS PKS INC COM
FCN,FTI CONSULTING INC COM
BOFI,BOFI HLDG INC COM
BDC,BELDEN INC COM
HOPE,HOPE BANCORP INC
BOKF,BOK FINL CORP COM NEW
UNFI,UNITED NAT FOODS INC COM
MDRX,ALLSCRIPTS HEALTHCAR COM
KBH,KB HOME COM
TEN,TENNECO INC COM
TTD,THE TRADE DESK INC
GVA,GRANITE CONSTR INC COM
WRE,WASHINGTON REAL ESTA SH BEN INT
LGF.B,LIONS GATE ENTMNT CORP CL B
ARI,APOLLO COML REAL EST COM
RNST,RENASANT CORP COM
UE,URBAN EDGE PROPERTIES
PLCE,CHILDRENS PLACE INC
DDR,DDR CORP
NTCT,NETSCOUT SYS INC COM
HALO,HALOZYME THERAPEUTIC COM
TNET,TRINET GROUP INC
FRME,FIRST MERCHANTS CORP COM
TGNA,TEGNA INC
ENV,ENVESTNET INC COM
CPS,COOPER STANDARD HOLDING INC
MDCO,MEDICINES CO COM
WWE,WORLD WRESTLING ENTM CL A
GBT,GLOBAL BLOOD THERAPEUTICS INC COM
CMP,COMPASS MINERALS INT COM
BLDR,BUILDERS FIRSTSOURCE COM
FII,FEDERATED INVS INC P CL B
ACXM,ACXIOM CORP COM
AMED,AMEDISYS INC COM
MGLN,MAGELLAN HEALTH INC
ARNA,ARENA PHARMACEUTICAL COM
PSMT,PRICESMART INC COM
CLVS,CLOVIS ONCOLOGY INC
BRKS,BROOKS AUTOMATION IN COM
ESL,ESTERLINE TECHNOLOGI COM
ABCB,AMERIS BANCORP COM
PEGA,PEGASYSTEMS INC COM
CVG,CONVERGYS CORP COM
EBS,EMERGENT BIOSOLUTION COM
OKTA,OKTA INC CL A
AKR,ACADIA RLTY TR COM SH BEN INT
GCP,GCP APPLIED TECHNOLOGIES INC
LHCG,LHC GROUP INC COM
INDB,INDEPENDENT BANK COR COM
VIAV,VIAVI SOLUTIONS INC
MUSA,MURPHY USA INC
UFPI,UNIVERSAL FST PRODS COM
CAKE,CHEESECAKE FACTORY I COM
INSM,INSMED INC
WTS,WATTS WATER TECHNOLO CL A
POWI,POWER INTEGRATIONS I COM
SAM,BOSTON BEER INC CL A
TPX,TEMPUR SEALY INTL INC
NVCR,NOVOCURE LTD ORD SHS
CCOI,COGENT COMMUNICATIONS HOLDINGS INC
JJSF,J & J SNACK FOODS CO COM
SAIA,SAIA INC COM
SLGN,SILGAN HOLDINGS INC COM
ITGR,INTEGER HOLDINGS CORP
SBGI,SINCLAIR BROADCAST G CL A
LPNT,LIFEPOINT HEALTH INC
ROG,ROGERS CORP COM
LCII,LCI INDUSTRIES
HRTX,HERON THERAPEUTICS INC
TRMK,TRUSTMARK CORP COM
MGEE,MGE ENERGY INC COM
WOR,WORTHINGTON INDS INC COM
AWR,AMERICAN STS WTR CO COM
COUP,COUPA SOFTWARE INC
PRA,PROASSURANCE CORP COM
TOWN,TOWNEBANK PORTSMOUTH COM
QTWO,Q2 HOLDINGS INC
MORN,MORNINGSTAR INC COM
FND,FLOOR & DECOR HLDGS INC CL A
ROIC,RETAIL OPPORTUNITY I COM
SKT,TANGER FACTORY OUTLE COM
EAT,BRINKER INTL INC COM
GRPN,GROUPON INC
MINI,MOBILE MINI INC COM
VIRT,VIRTU FINANCIAL INC CL A
NOVT,NOVANTA INC
OIS,OIL STS INTL INC COM
SAFM,SANDERSON FARMS INC COM
TRNO,TERRENO RLTY CORP COM
ESGR,ENSTAR GROUP LIMITED SHS
FHB,FIRST HAWAIIAN INC
MIK,MICHAELS COMPANIES INC
NVRO,NEVRO CORP
MDP,MEREDITH CORP COM
SEMG,SEMGROUP CORP CL A
GTLS,CHART INDS INC COM PAR $0.01
HSC,HARSCO CORP COM
ARGO,ARGO GROUP INTL HLDG COM
RDC,ROWAN COS PLC CL A
KAMN,KAMAN CORP COM
VGR,VECTOR GROUP LTD COM
BANR,BANNER CORP
ORA,ORMAT TECHNOLOGIES I COM
EGBN,EAGLE BANCORP INC MD COM
CSFL,CENTERSTATE BANK CORP
QCP,QUALITY CARE PROPERTIES INC
PLXS,PLEXUS CORP COM
AJRD,AEROJET ROCKETDYNE HOLDINGS INC
CRZO,CARRIZO OIL & GAS INC
MLHR,MILLER HERMAN INC COM
MTCH,MATCH GROUP INC
SANM,SANMINA CORPORATION
WSBC,WESBANCO INC COM
ALGT,ALLEGIANT TRAVEL CO COM
SNDR,SCHNEIDER NATIONAL INC CL B
SC,SANTANDER CONSUMER USA HLDGS INC
AERI,AERIE PHARMACEUTICALS INC
CWT,CALIFORNIA WTR SVC G COM
KWR,QUAKER CHEM CORP COM
UBNT,"UBIQUITI NETWORKS, INC"
LTXB,LEGACY TEX FINL GROUP INC
CVA,COVANTA HLDG CORP COM
SEM,SELECT MED HLDGS COR COM
CORT,CORCEPT THERAPEUTICS COM
SBH,SALLY BEAUTY HLDGS I COM
SFBS,SERVISFIRST BANCSHARES INC
MWA,MUELLER WTR PRODS IN COM SER A
MDGL,MADRIGAL PHARMACEUTICALS INC
WAGE,WAGEWORKS INC
ITRI,ITRON INC COM
JELD,JELD-WEN HOLDING INC.
DOOR,MASONITE INTL CORP
RH,RH
BGS,B & G FOODS INC NEW COM
LXP,LEXINGTON REALTY TRU COM
IOSP,INNOSPEC INC COM
ABM,ABM INDS INC COM
TREE,LENDINGTREE INC NEW
VRNS,VARONIS SYS INC
PNK,PINNACLE ENTERTAINMENT INC
MTOR,MERITOR INC
NWS,NEWS CORP LLC CL B
CHSP,CHESAPEAKE LODGING T SH BEN INT
FNSR,FINISAR CORP COM NEW
XNCR,XENCOR INC
SPB,SPECTRUM BRANDS HLDG COM
FIVN,FIVE9 INC
NAV,NAVISTAR INTL CORP N COM
BCC,BOISE CASCADE CO
EPAY,BOTTOMLINE TECH DEL COM
NXTM,NXSTAGE MEDICAL INC COM
FELE,FRANKLIN ELEC INC COM
GPOR,GULFPORT ENERGY CORP COM NEW
OTTR,OTTER TAIL CORP COM
EXLS,EXLSERVICE HOLDINGS COM
WDFC,WD-40 CO COM
TRTN,TRITON INTERNATIONAL LTD
TUP,TUPPERWARE BRANDS CO COM
DRQ,DRIL-QUIP INC COM
HMSY,HMS HLDGS CORP COM
PPBI,PACIFIC PREMIER BANC COM
QDEL,QUIDEL CORP COM
IVR,INVESCO MORTGAGE CAP COM
HA,HAWAIIAN HOLDINGS IN COM
NTGR,NETGEAR INC COM
HMN,HORACE MANN EDUCATOR COM
ACAD,ACADIA PHARMACEUTICA COM
MRC,MRC GLOBAL INC
ENSG,ENSIGN GROUP INC COM
ELY,CALLAWAY GOLF CO COM
BRC,BRADY CORP CL A
ABAX,ABAXIS INC COM
PINC,PREMIER INC CL A
CVCO,CAVCO INDS INC DEL COM
AIN,ALBANY INTL CORP CL A
PBH,PRESTIGE BRANDS HLDG COM
FWRD,FORWARD AIR CORP COM
AXL,AMERICAN AXLE & MFG COM
FLOW,SPX FLOW INC
PRGS,PROGRESS SOFTWARE CO COM
KALU,KAISER ALUMINUM CORP COM PAR $0.01
XOG,EXTRACTION OIL AND GAS INC
GIII,G-III APPAREL GROUP COM
MNRO,MONRO INC
SPPI,SPECTRUM PHARMACEUTI COM
CARS,CARS.COM INC
BLMN,BLOOMIN BRANDS INC
TSRO,TESARO INC
FIX,COMFORT SYS USA INC COM
DORM,DORMAN PRODUCTS INC COM
MTH,MERITAGE HOMES CORP COM
AAWW,ATLAS AIR WORLDWIDE COM NEW
AXE,ANIXTER INTL INC COM
PCTY,PAYLOCITY HLDG CORP
CNMD,CONMED CORP COM
CFFN,CAPITOL FED FINL INC COM
BIG,BIG LOTS INC COM
GNW,GENWORTH FINL INC COM CL A
NWN,NORTHWEST NAT GAS CO COM
FOE,FERRO CORP COM
RGEN,REPLIGEN CORP COM
MNTA,MOMENTA PHARMACEUTIC COM
ARCH,ARCH COAL INC CL A
DNR,DENBURY RES INC COM NEW
RAD,RITE AID CORP COM
LBRDA,LIBERTY BROADBAND CORP SERIES A
P,PANDORA MEDIA INC
CUB,CUBIC CORP COM
WERN,WERNER ENTERPRISES I COM
SATS,ECHOSTAR CORP CL A
PLAY,DAVE & BUSTER'S ENTERTAINMENT INC
MRCY,MERCURY SYSTEMS INC
PBYI,PUMA BIOTECHNOLOGY INC
HTH,HILLTOP HOLDINGS INC COM
MATW,MATTHEWS INTL CORP CL A
PDCO,PATTERSON COMPANIES COM
SPN,SUPERIOR ENERGY SVCS COM
NSIT,INSIGHT ENTERPRISES COM
OMCL,OMNICELL INC COM
PFS,PROVIDENT FINL SVCS COM
TIVO,TIVO CORP
BL,BLACKLINE INC
BCOR,BLUCORA INC
PBI,PITNEY BOWES INC COM
CJ,"C&J ENERGY SERVICES, INC"
MED,MEDIFAST INC COM
MLI,MUELLER INDS INC COM
IRBT,IROBOT CORP COM
UVV,UNIVERSAL CORP VA COM
PRAA,PRA GROUP INC
ADSW,ADVANCED DISPOSAL SERVICES INC
TTMI,TTM TECHNOLOGIES  IN COM
PAG,PENSKE AUTOMOTIVE GR COM
WSFS,WSFS FINL CORP COM
EBIX,EBIX INC COM NEW
DSW,DSW INC CL A
EGHT,8X8 INC NEW COM
PEGI,PATTERN ENERGY GROUP INC
SGMO,SANGAMO THERAPEUTICS INC
LTC,LTC PPTYS INC COM
ANF,ABERCROMBIE & FITCH CL A
AMWD,AMERICAN WOODMARK CO COM
QTS,QTS RLTY TR INC
TLRD,TAILORED BRANDS INC
HNI,HNI CORP COM
ATRA,ATARA BIOTHERAPEUTICS INC
MYOK,MYOKARDIA INC
NGHC,NATIONAL GENERAL HLDS CORP
CLI,MACK CALI RLTY CORP COM
CLDR,CLOUDERA INC
MNK,MALLINCKRODT PLC
INN,SUMMIT HOTEL PPTYS
NWBI,NORTHWEST BANCSHARES COM
FBP,FIRST BANCORP P R COM
TROX,TRONOX LTD
HUBG,HUB GROUP INC CL A
NBTB,NBT BANCORP INC COM
AXGN,AXOGEN INC
NPO,ENPRO INDS INC COM
APAM,ARTISAN PARTNERS ASSET MGMT IN
WD,WALKER & DUNLOP INC COM
IMPV,IMPERVA INC
ADC,AGREE REALTY CORP COM
CLNC,COLONY NORTHSTAR CR REAL ESTATE CL A
AMBA,AMBARELLA INC
KRA,KRATON CORPORATION
WDR,WADDELL & REED FINL CL A
HRG,HRG GROUP INC
GTT,GTT COMMUNICATIONS INC
FCF,FIRST COMWLTH FINL C COM
EFII,ELECTRONICS FOR IMAG COM
RGNX,REGENXBIO INC
DNOW,NOW INC
IMGN,IMMUNOGEN INC COM
BHLB,BERKSHIRE HILLS BANC COM
GEF,GREIF INC CL A
IPCC,INFINITY PPTY & CAS COM
HL,HECLA MNG CO COM
STBA,S & T BANCORP INC COM
CRC,CALIFORNIA RESOURCES CORP
HLI,HOULIHAN LOKEY INC
CDE,COEUR MINING INC
SHEN,SHENANDOAH TELECOMMU COM
PRK,PARK NATL CORP COM
CBM,CAMBREX CORP COM
MGRC,MCGRATH RENTCORP COM
HTLF,HEARTLAND FINL USA I COM
RMBS,RAMBUS INC DEL COM
NAVG,NAVIGATORS GROUP INC COM
PTCT,PTC THERAPEUTICS INC
AIR,AAR CORP COM
SCL,STEPAN CO COM
WING,WINGSTOP INC
BKD,BROOKDALE SR LIVING COM
LZB,LA Z BOY INC COM
LPI,LAREDO PETROLEUM INC
AMRX,AMNEAL PHARMACEUTICALS INC
MEI,METHODE ELECTRS INC COM
ALEX,ALEXANDER & BALDWIN INC NEW
SYNA,SYNAPTICS INC COM
ICPT,INTERCEPT PHARMACEUTICALS INC
ABG,ASBURY AUTOMOTIVE GR COM
GOV,GOVERNMENT PPTYS INC COM SHS BEN INT
AFSI,AMTRUST FINL SVCS INC
FMI,FOUNDATION MEDICINE INC
ENTA,ENANTA PHARMACEUTICALS INC
FSS,FEDERAL SIGNAL CORP COM
VICI,VICI PPTYS INC
WABC,WESTAMERICA BANCORPO COM
BPFH,BOSTON PRIVATE FINL COM
GBX,GREENBRIER COS INC COM
BGC,GENERAL CABLE CORP D COM
AKS,AK STL HLDG CORP COM
MDC,M D C HLDGS INC COM
FOXF,FOX FACTORY HOLDING CORP
COTV,COTIVITI HOLDINGS INC
NSA,NATIONAL STORAGE AFFILIATES TRUST
INT,WORLD FUEL SVCS CORP COM
SNHY,SUN HYDRAULICS CORP COM
BUSE,FIRST BUSEY CORP COM
MANT,MANTECH INTL CORP CL A
FCPT,FOUR CORNERS PROPERTY TRUST
USNA,USANA HEALTH SCIENCE COM
ATU,ACTUANT CORP CL A NEW
GPI,GROUP 1 AUTOMOTIVE I COM
VREX,VAREX IMAGING CORP
SPXC,SPX CORP COM
EDIT,EDITAS MEDICINE INC
SBCF,SEACOAST BKG CORP FLA
TVTY,TIVITY HEALTH INC
CSGS,CSG SYS INTL INC COM
ZGNX,ZOGENIX INC COM
MATX,MATSON INC
SASR,SANDY SPRING BANCORP COM
OCLR,OCLARO INC COM NEW
ESE,ESCO TECHNOLOGIES IN COM
BHE,BENCHMARK ELECTRS IN COM
PATK,PATRICK INDS INC COM
ACCO,ACCO BRANDS CORP COM
AAT,AMERICAN ASSETS TRUST INC
CAL,CALERES INC
MCRN,MILACRON HOLDINGS CORP
TILE,INTERFACE INC
KRNY,KEARNY FINANCIAL CORP
CALM,CAL MAINE FOODS INC COM NEW
XLRN,ACCELERON PHARMA INC
NP,NEENAH INC
NE,NOBLE CORP PLC
ALRM,ALARM.COM HOLDINGS INC
MB,MINDBODY INC
SIR,SELECT INCOME REIT
RAVN,RAVEN INDS INC COM
WPG,WASHINGTON PRIME GROUP INC
RUSHA,RUSH ENTERPRISES INC CL A
DIOD,DIODES INC COM
SWM,SCHWEITZER-MAUDUIT I COM
CADE,CADENCE BANCORPORATION CL A
CNNE,CANNAE HOLDINGS INC
GME,GAMESTOP CORP NEW CL A
DDD,3-D SYS CORP DEL COM NEW
TNC,TENNANT CO COM
GNL,GLOBAL NET LEASE INC
BRKL,BROOKLINE BANCORP IN COM
ECOL,US ECOLOGY INC COM
AIMT,AIMMUNE THERAPEUTICS INC
PCRX,"PACIRA PHARMACEUTICALS, INC."
OXM,OXFORD INDS INC COM
HRI,HERC RENTALS INC
INFN,INFINERA CORPORATION COM
FDP,FRESH DEL MONTE PROD ORD
KRG,KITE RLTY GROUP TR COM
CVGW,CALAVO GROWERS INC COM
FIBK,FIRST INTST BANCSYST COM CL A
AKRX,AKORN INC COM
TRS,TRIMAS CORP COM NEW
CTB,COOPER TIRE & RUBR C COM
MCY,MERCURY GENL CORP NE COM
CENTA,CENTRAL GARDEN & PET CL A NON-VTG
OPK,OPKO HEALTH INC COM
BEAT,BIOTELEMETRY INC
EVH,EVOLENT HEALTH INC
KN,KNOWLES CORP
BMCH,BMC STOCK HOLDINGS INC
THRM,GENTHERM INC
IPHI,INPHI CORP COM
TWNK,HOSTESS BRANDS INC CL A
VRTU,VIRTUSA CORP COM
SXI,STANDEX INTL CORP COM
WETF,WISDOM TREE INVT INC
IBTX,INDEPENDENT BK GROUP INC
SPSC,SPS COMM INC COM
IRDM,IRIDIUM COMMUNICATIO COM
ENDP,ENDO INTL PLC
EVTC,EVERTEC INC
RWT,REDWOOD TR INC COM
PZZA,PAPA JOHNS INTL INC COM
ROCK,GIBRALTAR INDS INC COM
IBP,INSTALLED BLDG PRODS INC
CTRE,"CARETRUST REIT, INC"
SAIL,SAILPOINT TECHNOLOGIES HOLDINGS INC
ICFI,ICF INTL INC COM
FN,FABRINET SHS
SAFT,SAFETY INS GROUP INC COM
AVAV,AEROVIRONMENT INC COM
STBZ,STATE BANK FINL CORP
LADR,LADDER CAPITAL CORP CL A
APOG,APOGEE ENTERPRISES I COM
CPK,CHESAPEAKE UTILS COR COM
OSIS,OSI SYSTEMS INC COM
LC,LENDINGCLUB CORP
HF,HFF INC CL A
FBNC,FIRST BANCORP N C COM
LGF.A,LIONS GATE ENTMNT CORP CL A
ACOR,ACORDA THERAPEUTICS COM
IRTC,IRHYTHM TECHNOLOGIES INC
TMP,TOMPKINS FINANCIAL C COM
PUMP,PROPETRO HOLDING CORP
EIG,EMPLOYERS HOLDINGS I COM
MSTR,MICROSTRATEGY INC CL A NEW
TPRE,THIRD POINT REINSURANCE LTD
ODP,OFFICE DEPOT INC COM
ASTE,ASTEC INDS INC COM
AIMC,ALTRA INDUSTRIAL MOTION CORP
BMI,BADGER METER INC COM
STRA,STRAYER ED INC COM
PLUS,EPLUS INC COM
DPLO,DIPLOMAT PHARMACY INC
AAON,AAON INC COM PAR $0.004
EFSC,ENTERPRISE FINL SVCS COM
XENT,INTERSECT ENT INC
SEB,SEABOARD CORP COM
LMNX,LUMINEX CORP DEL COM
GCI,GANNETT CO
CROX,CROCS INC COM
ATSG,AIR TRANSPORT SERVIC COM
CATM,CARDTRONICS PLC
AYR,AIRCASTLE LTD COM
LKFN,LAKELAND FINL CORP COM
XON,INTREXON CORP
SHLM,SCHULMAN A INC COM
ARCB,ARCBEST CORP
FG,FGL HLDGS
UNT,UNIT CORP COM
INST,INSTRUCTURE INC
AMSF,AMERISAFE INC COM
SYKE,SYKES ENTERPRISES IN COM
FET,FORUM ENERGY TECH
CPLG,COREPOINT LODGING INC
RDUS,RADIUS HEALTH INC
CBPX,CONTINENTAL BLDG PRODS INC
MNR,MONMOUTH REAL ESTATE CL A
DOCU,DOCUSIGN INC
CYS,CYS INVTS INC
NYLD,NRG YIELD INC CL C
MSGN,MSG NETWORKS INC
GES,GUESS INC COM
IOVA,IOVANCE BIOTHERAPEUTICS INC
ALDR,ALDER BIOPHARMACEUTICALS INC
AZZ,AZZ INC COM
SCHL,SCHOLASTIC CORP COM
DO,DIAMOND OFFSHORE DRI COM
WNC,WABASH NATL CORP COM
NTRI,NUTRI SYS INC NEW COM
NBHC,NATIONAL BK HLDGS CORP
NCI,NAVIGANT CONSULTING COM
INVA,INNOVIVA INC
OCFC,OCEANFIRST FINL CORP COM
USPH,U S PHYSICAL THERAPY COM
BNCL,BENEFICIAL BANCORP INC
UVE,UNIVERSAL INS HLDGS COM
MXL,MAXLINEAR INC
CEIX,CONSOL ENERGY INC
MGPI,MGP INGREDIENTS INC NEW
EVBG,EVERBRIDGE INC
GKOS,GLAUKOS CORP
HEES,H & E EQUIPMENT SERV COM
DBX,DROPBOX INC CL A
CPLA,CAPELLA EDUCATION CO COM
GTHX,G1 THERAPEUTICS INC
CHCO,CITY HLDG CO COM
SJW,SJW GROUP
RTRX,RETROPHIN INC
FIZZ,NATIONAL BEVERAGE CO COM
RPD,RAPID7 INC
BJRI,BJS RESTAURANTS INC COM
MTRN,MATERION CORP
ANAB,ANAPTYSBIO INC
HFWA,HERITAGE FINL CORP W COM
SHAK,SHAKE SHACK INC
BABY,NATUS MEDICAL INC DE COM
PMT,PENNYMAC MTG INVT TR COM
SNBR,SLEEP NUMBER CORP COM
DIN,DINE BRANDS GLOBAL INC
CHS,CHICOS FAS INC COM
VVI,VIAD CORP COM NEW
JRVR,JAMES RIVER GROUP HDGS LTD
CBZ,CBIZ INC COM
SRG,SERITAGE GROWTH PROPERTIES CL A
KAI,KADANT INC COM
PJC,PIPER JAFFRAY COS COM
PRIM,PRIMORIS SVCS CORP COM
UFCS,UNITED FIRE GROUP INC
TBI,TRUEBLUE INC COM
RES,RPC INC COM
HLX,HELIX ENERGY SOLUTIO COM
QUOT,QUOTIENT TECHNOLOGY INC
LGIH,LGI HOMES INC
ASIX,ADVANSIX INC
LTRPA,LIBERTY TRIPADVISOR HLDS INC SER A
LNN,LINDSAY CORP COM
TIER,TIER REIT INC
SCS,STEELCASE INC CL A
BANF,BANCFIRST CORP COM
ALOG,ANALOGIC CORP COM PAR $0.05
SYNT,SYNTEL INC COM
CASH,META FINL GROUP INC COM
KPTI,KARYOPHARM THERAPEUTICS INC
RUN,SUNRUN INC
LPSN,LIVEPERSON INC COM
WGO,WINNEBAGO INDS INC COM
TXMD,THERAPEUTICSMD INC
NANO,NANOMETRICS INC COM
KEM,KEMET CORP COM NEW
NMIH,NMI HOLDINGS INC CL A
CTS,CTS CORP COM
MTSI,MACOM TECHNOLOGY SOLUTIONS HLDGS INC
ITCI,INTRA CELLULAR THERAPIES INC
RGR,STURM RUGER & CO INC COM
ENVA,ENOVA INTERNATIONAL INC
CECO,CAREER EDUCATION COR COM
CRAY,CRAY INC COM NEW
ATKR,ATKORE INTERNATIONAL GROUP INC
RTEC,RUDOLPH TECHNOLOGIES COM
FIT,FITBIT INC
HCC,WARRIOR MET COAL INC
KNSL,KINSALE CAP GROUP INC
SCSC,SCANSOURCE INC COM
TGI,TRIUMPH GROUP INC NE COM
OMI,OWENS & MINOR INC NE COM
DDS,DILLARDS INC CL A
LABL,MULTI COLOR CORP COM
APTI,APPTIO INC CL A
EXTR,EXTREME NETWORKS INC COM
RDFN,REDFIN CORP
PLOW,DOUGLAS DYNAMICS INC COM
TBPH,THERAVANCE BIOPHARMA INC
GMS,GMS INC
FORM,FORMFACTOR INC COM
KTOS,KRATOS DEFENSE & SEC COM NEW
OSUR,ORASURE TECHNOLOGIES COM
WMS,ADVANCED DRAINAGE SYSTEMS INC
BEL,BELMOND LTD
PGTI,PGT INNOVATIONS INC
MRTX,MIRATI THERAPEUTICS INC
KTWO,K2M GROUP HLDGS INC
XPER,XPERI CORP
VSTO,VISTA OUTDOOR INC
ISCA,INTERNATIONAL SPEEDW CL A
ARR,ARMOUR RESIDENTIAL REIT INC COM NEW
PPC,PILGRIMS PRIDE CORP COM
PRO,PROS HOLDINGS INC COM
ECPG,ENCORE CAP GROUP INC COM
EGOV,NIC INC COM
USCR,U.S. CONCRETE inc
SEAS,SEAWORLD ENTMT INC
ANAT,AMERICAN NATL INS CO COM
DVAX,DYNAVAX TECHNOLOGIES CORP
WIRE,ENCORE WIRE CORP COM
I,INTELSAT SA
FOSL,FOSSIL GROUP INC
QSII,QUALITY SYS INC COM
STC,STEWART INFORMATION COM
EYE,NATIONAL VISION HOLDINGS INC
CSII,CARDIOVASCULAR SYS I COM
EBSB,MERIDIAN BANCORP INC
KNL,KNOLL INC COM NEW
OFIX,ORTHOFIX INTL N V COM
BMTC,BRYN MAWR BK CORP COM
DENN,DENNYS CORP COM
CLDT,CHATHAM LODGING TR COM
TBK,TRIUMPH BANCORP INC
BOLD,AUDENTES THERAPEUTICS INC
NEWM,NEW MEDIA INVESTMENT GROUP
SMCI,SUPER MICRO COMPUTER COM
EXTN,EXTERRAN CORP
MTSC,MTS SYS CORP COM
OMER,OMEROS CORP COM
IPHS,INNOPHOS HOLDINGS IN COM
RPT,RAMCO-GERSHENSON PPT COM SH BEN INT
RYAM,RAYONIER ADVANCED MATERIALS INC
PJT,PJT PARTNERS INC
HAFC,HANMI FINL CORP
RMAX,REMAX HOLDINGS INC
CARB,CARBONITE INC
CWST,CASELLA WASTE SYS IN CL A
ESPR,ESPERION THERAPEUTICS INC
IPAR,INTER PARFUMS INC COM
MTGE,MTGE INVT CORP
TRTX,TPG RE FIN TR INC
WEB,WEB COM GROUP INC
EPZM,EPIZYME INC
SBSI,SOUTHSIDE BANCSHARES COM
LBAI,LAKELAND BANCORP INC COM
HDP,HORTONWORKS INC
TYPE,MONOTYPE IMAGING HOL COM
FARO,FARO TECHNOLOGIES IN COM
HASI,HANNON ARMSTRONG SUST INFR CAP
TFSL,TFS FINL CORP COM
ANGI,ANGI HOMESERVICES INC CL A
HURN,HURON CONSULTING GRO COM
CRY,CRYOLIFE INC COM
WHD,CACTUS INC CL A
DEA,EASTERLY GOVERNMENT PROPERTIES INC
MDXG,MIMEDX GROUP INC
SONC,SONIC CORP COM
UBNK,UNITED FINL BANCORP INC NEW
PAHC,PHIBRO ANIMAL HEALTH CORP CL A
NR,NEWPARK RES INC COM PAR $.01NEW
FMSA,FAIRMOUNT SANTROL HOLDINGS INC
COLD,AMERICOLD REALTY TRUST
MBUU,MALIBU BOATS INC
TELL,TELLURIAN INC
AQUA,EVOQUA WATER TECHNOLOGIES CORP
SXC,SUNCOKE ENERGY INC
KMG,KMG CHEMICALS INC COM
DF,DEAN FOODS CO NEW
AMKR,AMKOR TECHNOLOGY INC COM
MRTN,MARTEN TRANS LTD COM
GTN,GRAY TELEVISION INC COM
PRFT,PERFICIENT INC COM
FLXN,FLEXION THERAPEUTICS INC
AMAG,AMAG PHARMACEUTICALS COM
SMP,STANDARD MTR PRODS I COM
MOD,MODINE MFG CO COM
AAOI,APPLIED OPTOELECTRONICS INC
BATRK,LIBERTY MEDIA CORP SER C LIBERTY BRAVES
ALG,ALAMO GROUP INC COM
SPTN,SPARTANNASH CO
STAA,STAAR SURGICAL CO COM PAR $0.01
CORE,CORE MARK HOLDING CO COM
CMO,CAPSTEAD MTG CORP COM NO PAR
HTLD,HEARTLAND EXPRESS IN COM
VRTS,VIRTUS INVT PARTNERS COM
PFBC,PREFERRED BK LOS ANGELES CA
VNDA,VANDA PHARMACEUTICAL COM
ETM,ENTERCOM COMMUNICATI CL A
CENX,CENTURY ALUM CO COM
AGM,FEDERAL AGRIC MTG CO CL C
COBZ,COBIZ FINANCIAL INC COM
MGNX,MACROGENICS INC
ADT,ADT INC
LAUR,LAUREATE EDUCATION INC CL A
SRI,STONERIDGE INC COM
CPF,CENTRAL PAC FINL COR COM
HIFR,INFRAREIT INC
GTS,TRIPLE-S MGMT CORP CL B
WASH,WASHINGTON TR BANCOR COM
CUBI,CUSTOMERS BANCORP INC
CKH,SEACOR HOLDINGS INC COM
NEO,NEOGENOMICS INC
AMBC,AMBAC FINL GROUP INC
CTMX,CYTOMX THERAPEUTICS INC
ARWR,ARROWHEAD PHARMACEUTICALS INC
CCF,CHASE CORP COM
KOP,KOPPERS HOLDINGS INC COM
WIFI,BOINGO WIRELESS INC
GPRE,GREEN PLAINS INC
CERS,CERUS CORP COM
CARO,CAROLINA FINL CORP NEW
PVAC,PENN VIRGINIA CORP
GTY,GETTY RLTY CORP NEW COM
GCO,GENESCO INC COM
BANC,BANC CALIF INC
ANDE,ANDERSONS INC COM
NCS,NCI BUILDING SYS INC COM NEW
SSTK,SHUTTERSTOCK INC
CBL,CBL & ASSOC PPTYS IN COM
IRT,INDEPENDENCE REALTY TRUST INC
VECO,VEECO INSTRS INC DEL COM
AROC,ARCHROCK INC
ATRI,ATRION CORP COM
ECYT,ENDOCYTE INC
PRSC,PROVIDENCE SVC CORP COM
NNI,NELNET INC CL A
CNS,COHEN & STEERS INC COM
RVNC,REVANCE THERAPEUTICS INC
CMCO,COLUMBUS MCKINNON CO COM
CIR,CIRCOR INTL INC COM
SYBT,STOCK YARDS BANCORP INC
GFF,GRIFFON CORP COM
HT,HERSHA HOSPITALITY T SH BEN INT A
EGRX,EAGLE PHARMACEUTICALS INC
TCBK,TRICO BANCSHARES COM
KFRC,KFORCE INC COM
GOLF,ACUSHNET HOLDINGS CORP
UVSP,UNIVEST CORP PA COM
SCHN,SCHNITZER STL INDS CL A
CNOB,CONNECTONE BANCORP INC NEW
TRST,TRUSTCO BK CORP N Y COM
USAT,USA TECHNOLOGIES INC COM NO PAR
SMPL,THE SIMPLY GOOD FOODS CO
AEGN,AEGION CORP
CNSL,CONSOLIDATED COMM HL COM
HPR,HIGHPOINT RESOURCES CORP
AVP,AVON PRODS INC COM
XOXO,XO GROUP INC
CVNA,CARVANA CO CL A
ALX,ALEXANDERS INC COM
RUTH,RUTHS HOSPITALITY GR COM
TPC,TUTOR PERINI CORP COM
FSP,FRANKLIN STREET PPTY COM
AMC,AMC ENTERTAINMENT HOLDINGS INC CL A
VICR,VICOR CORP COM
FFG,FBL FINL GROUP INC CL A
DBD,DIEBOLD NIXDORF INC
REI,RING ENERGY INC
KND,KINDRED HEALTHCARE I COM
ATRC,ATRICURE INC COM
CHRS,COHERUS BIOSCIENCES INC
CSWI,CSW INDUSTRIALS INC
MTW,MANITOWOC INC COM
MHO,M/I HOMES INC COM
ANGO,ANGIODYNAMICS INC COM
AVX,AVX CORP NEW COM
SP,SP PLUS CORP
UHT,UNIVERSAL HEALTH RLT SH BEN INT
CTBI,COMMUNITY TR BANCORP COM
GBNK,GUARANTY BANCORP DEL
GHDX,GENOMIC HEALTH INC COM
GLT,GLATFELTER COM
HBNC,HORIZON BANCORP INC
MOV,MOVADO GROUP INC COM
HTZ,HERTZ GLOBAL HOLDINGS INC
CCS,CENTURY CMNTYS INC
INTL,INTL FCSTONE INC
BGG,BRIGGS & STRATTON CO COM
GPMT,GRANITE POINT MORTGAGE TRUST INC
WLH,WILLIAM LYONS HOMES
THR,THERMON GROUP HLDGS INC
TG,TREDEGAR CORP COM
TCMD,TACTILE SYS TECHNOLOGY INC
HOME,AT HOME GROUP INC
GABC,GERMAN AMERN BANCORP COM
CDXS,CODEXIS INC COM
ATRO,ASTRONICS CORP COM
CBAY,CYMABAY THERAPEUTICS INC
TERP,TERRAFORM PWR INC CL A
CEVA,CEVA INC COM
BKE,BUCKLE INC COM
AMR,ALTA MESA RES INC CL A
CTWS,CONNECTICUT WTR SVC COM
FWONA,LIBERTY MEDIA CORP SER A
ECHO,ECHO GLOBAL LOGISTIC COM
PEI,PENNSYLVANIA RL ESTA SH BEN INT
TRHC,TABULA RASA HEALTHCARE INC
AYX,ALTERYX INC
APPF,APPFOLIO INC CL A
LOB,LIVE OAK BANCSHARES INC
FFIC,FLUSHING FINL CORP COM
HK,HALCON RESOURCES CORP
ASMB,ASSEMBLY BIOSCIENCES INC
CAMP,CALAMP CORP COM
XCRA,XCERRA CORP
TRUP,TRUPANION INC
JCP,PENNEY J C INC COM
HMHC,HOUGHTON MIFFLIN HARCOURT CO
MBI,MBIA INC COM
HSTM,HEALTHSTREAM INC COM
VCRA,VOCERA COMMUNICATIONS INC
SVU,SUPERVALU INC COM
TGTX,TG THERAPEUTICS INC
ACIA,ACACIA COMMUNICATIONS INC
PRTY,PARTY CITY HOLDCO INC
VBTX,VERITEX HLDGS INC
PETS,PETMED EXPRESS INC COM
YEXT,YEXT INC
CMTL,COMTECH TELECOMMUNIC COM NEW
STAR,ISTAR INC COM
SSP,SCRIPPS E W CO OHIO CL A NEW
CDAY,CERIDIAN HCM HLDG INC COM
FBC,FLAGSTAR BANCORP INC
HSKA,HESKA CORP COM
GRC,GORMAN RUPP CO COM
NWLI,NATIONAL WESTERN LIFE GROUP INC CL A
BNFT,BENEFITFOCUS INC
LDL,LYDALL INC DEL COM
LQ,LA QUINTA HOLDINGS INC
MSEX,MIDDLESEX WATER CO COM
VRS,VERSO CORP
NYMT,NEW YORK MTG TR INC COM PAR $.02
NTLA,INTELLIA THERAPEUTICS INC
TRUE,TRUECAR INC
HMST,HOMESTREET INC
REN,RESOLUTE ENERGY CORP COM
AHT,ASHFORD HOSPITALITY COM SHS
ORBC,ORBCOMM INC COM
AOBC,AMERN OUTDOOR BRANDS CORP
ACLS,AXCELIS TECHNOLOGIES INC
ITG,INVESTMENT TECHNOLOG COM
UTL,UNITIL CORP COM
WRD,WILDHORSE RESOURCE DEVELOPMENT CORPORATION
NCOM,NATIONAL COMMERCE CORPORATION
ROKU,ROKU INC CL A
MYE,MYERS INDS INC COM
NFBK,NORTHFIELD BANCORP INC DEL
HSII,HEIDRICK & STRUGGLES COM
CAC,CAMDEN NATL CORP COM
LSCC,LATTICE SEMICONDUCTO COM
PVTL,PIVOTAL SOFTWARE INC COM CL A
ADTN,ADTRAN INC COM
EXPR,EXPRESS INC COM
IRET,INVESTORS REAL ESTAT SH BEN INT
KELYA,KELLY SVCS INC CL A
OPB,OPUS BK
RCM,R1 RCM INC
REGI,RENEWABLE ENERGY GROUP INC
APEI,AMERICAN PUBLIC EDUC COM
BDGE,BRIDGE BANCORP INC COM
FRAC,KEANE GROUP INC COM
CVI,CVR ENERGY INC
BOOT,BOOT BARN HOLDINGS INC
BRSS,GLOBAL BRASS & COPPER HLDGS INC
VDSI,VASCO DATA SEC INTL COM
UBA,URSTADT BIDDLE PPTYS CL A
RRGB,RED ROBIN GOURMET BU COM
TDW,TIDEWATER INC COM
DHIL,DIAMOND HILL INVESTM COM NEW
SRDX,SURMODICS INC COM
JOE,ST JOE CO COM
AHH,ARMADA HOFFLER PPTYS INC
GSBC,GREAT SOUTHN BANCORP COM
GTES,GATES INDUSTRIAL CORP PLC
COHU,COHU INC COM
GERN,GERON CORP COM
UCTT,ULTRA CLEAN HLDGS IN COM
MMI,MARCUS & MILLICHAP INC
JAG,JAGGED PEAK ENERGY INC.
BCEI,BONANZA CREEK ENERGY INC
LJPC,LA JOLLA PHARMACEUTICAL COMPANY
QCRH,QCR HOLDINGS INC COM
LRN,K12 INC COM
TSC,TRISTATE CAPITAL HOLDINGS INC
BCRX,BIOCRYST PHARMACEUTI COM
WK,WORKIVA INC CL A
FFWM,FIRST FOUNDATION INC
WAIR,WESCO AIRCRAFT HOLDINGS INC
MHLD,MAIDEN HOLDINGS LTD SHS
BOOM,DMC GLOBAL INC
FBK,FB FINANCIAL CORPORATION
RFP,RESOLUTE FST PRODS INC
INOV,INOVALON HLDGS INC CL A
VIVO,MERIDIAN BIOSCIENCE COM
ZIOP,ZIOPHARM ONCOLOGY IN COM
ORIT,ORITANI FINL CORP DE COM
ESIO,ELECTRO SCIENTIFIC I COM
AXDX,ACCELERATE DIAGNOSTICS INC
TMST,TIMKENSTEEL CORP
LEN.B,LENNAR CORP CL B
HZO,MARINEMAX INC COM
OFG,OFG BANCORP
CHEF,CHEFS WHSE HLDGS INC
HTBK,HERITAGE COMMERCE CO COM
PEBO,PEOPLES BANCORP INC COM
QUAD,QUAD / GRAPHICS INC COM CL A
CTT,CATCHMARK TIMBER TR INC REIT
ADMS,ADAMAS PHARMACEUTICALS INC
WTI,W & T OFFSHORE INC COM
CASS,CASS INFORMATION SYS COM
DXPE,DXP ENTERPRISES INC COM NEW
GPRO,GOPRO INC CL A
MYRG,MYR GROUP INC DEL COM
NVAX,NOVAVAX INC COM
DCOM,DIME CMNTY BANCSHARE COM
UIS,UNISYS CORP COM NEW
ASNA,ASCENA RETAIL GROUP INC
NHC,NATIONAL HEALTHCARE COM
RGS,REGIS CORP MINN COM
NYLD.A,NRG YIELD INC CL A
TISI,TEAM INC COM
ALTR,ALTAIR ENGINEERING INC CL A
FDEF,FIRST DEFIANCE FINL COM
LL,LUMBER LIQUIDATORS H COM
PLAB,PHOTRONICS INC COM
BBSI,BARRETT BUSINESS SER COM
BFS,SAUL CTRS INC COM
COKE,COCA COLA BOTTLING C COM
GLYC,GLYCOMIMETICS INC
CWH,CAMPING WORLD HOLDINGS INC CLASS A
NPK,NATIONAL PRESTO INDS COM
TWI,TITAN INTL INC ILL COM
COLL,COLLEGIUM PHARMACEUTICAL INC
NX,QUANEX BUILDING PROD COM
SNR,NEW SENIOR INVESTMENT GROUP INC
FTR,FRONTIER COMMUNICATI COM
ETH,ETHAN ALLEN INTERIOR COM
GLUU,GLU MOBILE INC COM
EGL,ENGILITY HLDG INC
PGC,PEAPACK-GLADSTONE FI COM
AVD,AMERICAN VANGUARD CO COM
MCS,MARCUS CORP COM
CTRL,CONTROL4 CORP
EZPW,EZCORP INC CL A NON VTG
KBAL,KIMBALL INTL INC CL B
KRO,KRONOS WORLDWIDE INC COM
TOWR,TOWER INTL INC COM
AGX,ARGAN INC COM
PARR,PAR PACIFIC HOLDINGS INC
TBBK,BANCORP INC DEL COM
FPRX,FIVE PRIME THERAPEUTICS INC
ANIK,ANIKA THERAPEUTICS I COM
FLIC,FIRST LONG IS CORP COM
IIIN,INSTEEL INDUSTRIES I COM
NNBR,NN INC COM
MBWM,MERCANTILE BANK CORP COM
LCI,LANNET INC COM
TNDM,TANDEM DIABETES CARE INC
JBSS,SANFILIPPO JOHN B & COM
ATNI,ATN INTERNATIONAL INC
UPLD,UPLAND SOFTWARE INC
FRPT,FRESHPET INC
EAF,GRAFTECH INTL LTD
TTGT,TECHTARGET INC COM
CUTR,CUTERA INC COM
NCMI,NATIONAL CINEMEDIA I COM
ATNX,ATHENEX INC
CISN,CISION LTD
PRMW,PRIMO WTR CORP COM
ICHR,ICHOR HOLDINGS LTD SHS
AMPH,AMPHASTAR PHARMACEUTICALS INC
HY,HYSTER-YALE MATERIALS HANDLING INC
OSTK,OVERSTOCK COM INC DE COM
GDEN,GOLDEN ENTERTAINMENT INC
IVC,INVACARE CORP COM
GNBC,GREEN BANCORP INC
FRGI,FIESTA RESTAURANT GROUP INC
APTS,PREFERRED APARTMENT COMMUNITIES INC
ABEO,ABEONA THERAPEUTICS INC
NVEC,NVE CORP COM NEW
GOOD,GLADSTONE COML CORP COM
PGNX,PROGENICS PHARMACEUT COM
HAYN,HAYNES INTERNATIONAL COM NEW
MITT,AG MORTGAGE INVESTMENT TRUST INC.
FSCT,FORESCOUT TECHNOLOGIES INC
RIGL,RIGEL PHARMACEUTICAL COM NEW
TRXC,TRANSENTERIX INC
CRCM,CARE.COM INC
SPWR,SUNPOWER CORP
FCBC,FIRST CMNTY BANCSHAR COM
STFC,STATE AUTO FINL CORP COM
PUB,PEOPLES UTAH BANCORP COM
NSM,NATIONSTAR MTG HLDG
ABR,ARBOR RLTY TR INC COM
LION,FIDELITY SOUTHERN CO COM
BBX,BBX CAPITAL CORPORATION
MEDP,MEDPACE HOLDINGS INC
MCFT,MCBC HLDGS INC
EQBK,EQUITY BANCSHARES INC CL A
IBCP,INDEPENDENT BANK COR COM NEW
EEX,EMERALD EXPOSITIONS EVENTS INC
CBB,CINCINNATI BELL INC COM
GHL,GREENHILL & CO INC COM
DFIN,DONNELLEY FINANCIAL SOLUTIONS INC
FTSI,FTS INTERNATIONAL INC
RMR,RMR GROUP INC CL A
ANIP,ANI PHARMACEUTICALS INC
MCRI,MONARCH CASINO & RES COM
WMK,WEIS MKTS INC COM
STML,STEMLINE THERAPEUTICS INC
ACBI,ATLANTIC CAPITAL BANCSHARES INC
MLAB,MESA LABS INC COM
LLNW,LIMELIGHT NETWORKS I COM
NVEE,NV5 GLOBAL INC
QNST,QUINSTREET INC COM
EIGI,ENDURANCE INTL GROUP HLDGS INC
WTTR,SELECT ENERGY SVCS INC CL A
HIBB,HIBBETT SPORTS INC COM
CATO,CATO CORP NEW CL A
EVRI,EVERI HOLDINGS INC
ESND,ESSENDANT INC
LNTH,LANTHEUS HOLDINGS INC
QADA,QAD INC CL A
CHUY,CHUY'S HLDS INC
SAH,SONIC AUTOMOTIVE INC CL A
ANH,ANWORTH MORTGAGE ASS COM
RECN,RESOURCES CONNECTION COM
MSBI,MIDLAND STATES BANCORP INC
AROW,ARROW FINL CORP COM
UCFC,UNITED CMNTY FINL CO COM
MTRX,MATRIX SVC CO COM
FINL,FINISH LINE INC CL A
LORL,LORAL SPACE & COMMUN COM
RETA,REATA PHARMACEUTICALS INC
REVG,REV GROUP INC.
SD,SANDRIDGE ENERGY INC
LMAT,LEMAITRE VASCULAR IN COM
RPXC,RPX CORP
KREF,KKR REAL ESTATE FIN TR INC
UFI,UNIFI INC COM NEW
LXRX,LEXICON PHARMACEUTICALS COM
WRLD,WORLD ACCEP CORP DEL COM
SPAR,SPARTAN MTRS INC COM
SYX,SYSTEMAX INC COM
ABTX,ALLEGIANCE BANCSHARES INC
UIHC,UNITED INSURANCE HOLDINGS CORPORATION
OCN,OCWEN FINL CORP COM NEW
TTEC,TTEC HOLDINGS INC
RDNT,RADNET INC COM
BMRC,BANK OF MARIN BANCOR COM
BZH,BEAZER HOMES USA INC
FISI,FINANCIAL INSTNS INC COM
CHCT,COMMUNITY HEALTHCARE TRUST I
RESI,FRONT YARD RESIDENTIAL CORPORATION
DRNA,DICERNA PHARMACEUTICALS INC
CRVL,CORVEL CORP COM
AKBA,AKEBIA THERAPEUTICS INC
KE,KIMBALL ELECTRONICS INC
HLNE,HAMILTON LANE INC CL A
ACRS,ACLARIS THERAPEUTICS INC
NCBS,NICOLET BANKSHARES INC
KURA,KURA ONCOLOGY INC
KERX,KERYX BIOPHARMACEUTI COM
VCEL,VERICEL CORP
USM,UNITED STATES CELLUL COM
BHBK,BLUE HILLS BANCORP INC
WHG,WESTWOOD HLDGS GROUP COM
TTI,TETRA TECHNOLOGIES I COM
NXRT,NEXPOINT RESIDENTIAL TRUST INC
UMH,U M H PROPERTIES INC COM
HTBI,HOMETRUST BANCSHARES INC
ZUMZ,ZUMIEZ INC COM
FATE,FATE THERAPEUTICS INC
INSW,INTERNATIONAL SEAWAYS INC
THFF,FIRST FINL CORP IND COM
WSC,WILLSCOT CORP COM
PS,PLURALSIGHT INC CL A
REX,REX AMERICAN RESOURC COM
SWCH,SWITCH INC CL A
WSR,WHITESTONE REIT
KEYW,KEYW HLDG CORP COM
ELGX,ENDOLOGIX INC COM
CYH,COMMUNITY HEALTH SYS INC NEW
TRC,TEJON RANCH CO COM
PQG,PQ GROUP HLDGS INC
ACHN,ACHILLION PHARMACEUT COM
IMMR,IMMERSION CORP COM
BHB,BAR HBR BANKSHARES COM
CCNE,CNB FINL CORP PA COM
FRBK,REPUBLIC FIRST BANCO COM
EBF,ENNIS INC COM
TAST,CARROLS RESTAURANT G COM
MDB,MONGODB INC CL A
HOFT,HOOKER FURNITURE COR COM
VYGR,VOYAGER THERAPEUTICS INC
RRD,DONNELLEY R R & SONS COM
OLBK,OLD LINE BANCSHARES COM
CYTK,CYTOKINETICS INC
NLS,NAUTILUS INC COM
ELF,ELF BEAUTY INC
SRNE,SORRENTO THERAPEUTICS INC
CONN,CONNS INC COM
WSBF,WATERSTONE FINL INC MD
FSB,FRANKLIN FINL NETWORK INC
OMN,OMNOVA SOLUTIONS INC COM
ADUS,ADDUS HOMECARE CORP COM
CORR,CORENERGY INFRASTRUCTURE TR IN
PSDO,PRESIDIO INC
CLNE,CLEAN ENERGY FUELS C COM
VSEC,VSE CORP COM
PLUG,PLUG POWER INC
PFSI,PENNYMAC FINL SERVICES
AXAS,ABRAXAS PETE CORP COM
CPSI,COMPUTER PROGRAMS & COM
CIO,CITY OFFICE REIT INC
CRMT,AMERICAS CAR MART IN COM
GLRE,GREENLIGHT CAPITAL R CLASS A
CCRN,CROSS CTRY HEALTHCAR COM
CENT,CENTRAL GARDEN & PET COM
YORW,YORK WTR CO COM
WMC,WESTERN ASSET MTG CAP CORP
RILY,B RILEY FINANCIAL INC
OSBC,OLD SECOND BANCORP I COM
LKSD,LSC COMMUNICATIONS INC
CNCE,CONCERT PHARMACEUTICALS INC
FORR,FORRESTER RESH INC COM
TALO,TALOS ENERGY INC
CRAI,CRA INTL INC COM
CAI,CAI INTERNATIONAL IN COM
ILPT,INDUSTRIAL LOGISTICS PPTYS TRUST
SUP,SUPERIOR INDS INTL I COM
CCXI,CHEMOCENTRYX INC
INWK,INNERWORKINGS INC COM
IPI,INTREPID POTASH INC COM
ANCX,ACCESS NATL CORP COM
MPAA,MOTORCAR PTS AMER IN COM
RBCAA,REPUBLIC BANCORP KY CL A
INO,INOVIO PHARMACEUTICALS INC
CARA,CARA THERAPEUTICS INC
NVTA,INVITAE CORP
PES,PIONEER ENERGY SVCS CORP
EGLE,EAGLE BULK SHIPPING INC
RCII,RENT A CTR INC NEW COM
ZAGG,ZAGG INC
UEIC,UNIVERSAL ELECTRS IN COM
AGS,PLAYAGS INC
ARQL,ARQULE INC COM
FRPH,FRP HLDGS INC
PKE,PARK ELECTROCHEMICAL COM
CLW,CLEARWATER PAPER COR COM
TR,TOOTSIE ROLL INDS IN COM
COWN,COWEN INC CL A
MODN,MODEL N INC
AKAO,ACHAOGEN INC
ENPH,ENPHASE ENERGY INC
FMNB,FARMERS NATIONAL BAC CORP. COMMON ST
PDLI,PDL BIOPHARMA INC COM
SIEN,SIENTRA INC
CARG,CARGURUS INC CL A
IMKTA,INGLES MKTS INC CL A
CDR,CEDAR REALTY TRUST INC
GNMK,GENMARK DIAGNOSTICS COM
HRTG,HERITAGE INS HLDGS INC
NRC,NATIONAL RESEARCH CORP
FFKT,FARMERS CAP BK CORP COM
CBS.A,CBS CORP NEW CL A
EHTH,EHEALTH INC COM
NTRA,NATERA INC COM
RCKT,ROCKET PHARMACEUTICALS INC
ADRO,ADURO BIOTECH INC
SMHI,SEACOR MARINE HLDGS INC
SGYP,SYNERGY PHARMACEUTICALS INC FL
DS,DRIVE SHACK INC
ORC,"ORCHID ISLAND CAPITAL, INC."
CTRN,CITI TRENDS INC COM
HCKT,HACKETT GROUP INC COM
LNDC,LANDEC CORP COM
VPG,VISHAY PRECISION GRO COM
ATRS,ANTARES PHARMA INC COM
ONDK,ON DECK CAPITAL INC
CSV,CARRIAGE SVCS INC COM
MBIN,MERCHANTS BANCORP
AMOT,ALLIED MOTION TECHNO COM
VRTV,VERITIV CORP
FBMS,FIRST BANCSHARES INC COM
WTBA,WEST BANCORPORATION CAP STK
DCO,DUCOMMUN INC DEL COM
CVTI,COVENANT TRANSN GROU CL A
OLP,ONE LIBERTY PPTYS IN COM
TPIC,TPI COMPOSITES INC
CNXN,P C CONNECTION COM
ARAY,ACCURAY INC COM
VEC,VECTRUS INC
WINA,WINMARK CORP COM
ACRE,ARES COML REAL ESTATE CORP
SCVL,SHOE CARNIVAL INC COM
ECOM,CHANNELADVISOR CORP
LTS,LADENBURG THALMAN FI COM
WATT,ENERGOUS CORP
FF,FUTUREFUEL CORP
DEPO,DEPOMED INC COM
VKTX,VIKING THERAPEUTICS INC
UTMD,UTAH MED PRODS INC COM
HVT,HAVERTY FURNITURE IN COM
UPL,ULTRA PETROLEUM CORP
TACO,DEL TACO RESTAURANTS INC
AMEH,APOLLO MEDICAL HOLDINGS INC
AMSWA,AMERICAN SOFTWARE IN CL A
GEF.B,GREIF INC CL B
FBNK,"FIRST CONNECTICUT BANCORP, INC"
CULP,CULP INC COM
MOFG,MIDWESTONE FINL GROU COM
PKOH,PARK OHIO HLDGS CORP COM
DSKE,DASEKE INC COM
FMAO,FARMERS & MERCHANTS BANCORP INC
SEND,SENDGRID INC COM
PERY,ELLIS PERRY INTL INC COM
HIIQ,HEALTH INS INNOVATIONS INC
BSRR,SIERRA BANCORP COM
RST,ROSETTA STONE INC COM
PDFS,PDF SOLUTIONS INC COM
CYRX,CRYOPORT INC
DX,DYNEX CAP INC COM NEW
VSTM,"VERASTEM, INC."
YRCW,YRC WORLDWIDE INC COMMON STOCK
TITN,TITAN MACHY INC COM
RBB,RBB BANCORP
QTNA,QUANTENNA COMMUNICATIONS INC
BIOS,BIOSCRIP INC COM
GORO,GOLD RESOURCE CORP COM
BCOV,BRIGHTCOVE INC
TUSK,MAMMOTH ENERGY SVCS INC
BHR,BRAEMAR HOTELS AND RESORTS INC
CPRX,CATALYST PHARMACEUTICALS INC
SONA,SOUTHERN NATL BANCOR COM
PCSB,PCSB FINANCIAL CORP
PHH,PHH CORP COM NEW
JOUT,JOHNSON OUTDOORS INC CL A
BXC,BLUELINX HLDGS INC COM
FMBH,FIRST MID-ILLINOIS BANCSHARES INC
GBLI,GLOBAL INDEMNITY LTD
HBCP,HOME BANCORP INC COM
CATC,CAMBRIDGE BANCORP
MG,MISTRAS GROUP INC COM
STRL,STERLING CONSTRUCTIO COM
AMNB,AMERICAN NATL BANKSH COM
EBTC,ENTERPRISE BANCORP I COM
HCI,HCI GROUP INC
AKCA,AKCEA THERAPEUTICS INC
AI,ARLINGTON ASSET INVT CL A NEW
SREV,SERVICESOURCE INTL INC
IDRA,IDERA PHARMACEUTICAL COM NEW
ATEN,A10 NETWORKS INC
NKSH,NATIONAL BANKSHARES COM
SGRY,SURGERY PARTNERS INC
BY,BYLINE BANCORP INC
VRAY,VIEWRAY INC
VIA,VIACOM INC NEW CL A
CHFN,CHARTER FINL CORP WE COM
WOW,WIDEOPENWEST INC
PHX,PANHANDLE OIL AND GA CL A
PBPB,POTBELLY CORP
PFIS,PEOPLES FINANCIAL SERVICES CORP
DMRC,DIGIMARC CORP NEW COM
RM,REGIONAL MGMT CORP
PDVW,PDVWIRELESS INC
SFST,SOUTHERN FIRST BANCS COM
ARII,AMERICAN RAILCAR IND COM
CIA,CITIZENS INC CL A
MCBC,MACATAWA BK CORP COM
ZS,ZSCALER INC
ARTNA,ARTESIAN RESOURCES C CL A
GSAT,GLOBALSTAR INC
RYTM,RHYTHM PHARMACEUTICALS INC
HURC,HURCO COMPANIES INC COM
NYRT,NEW YORK REIT INC
MNOV,MEDICINOVA INC COM NEW
BLCM,BELLICUM PHARMACEUTICALS INC
NXEO,NEXEO SOLUTIONS INC
HCCI,HERITAGE CRYSTAL CLE COM
HWKN,HAWKINS INC COM
ZIXI,ZIX CORP COM
XAN,EXANTAS CAPITAL CORP
DGII,DIGI INTL INC COM
HLIT,HARMONIC INC COM
GRBK,"GREEN BRICK PARTNERS, INC"
FNLC,FIRST BANCORP INC ME COM
BKS,BARNES & NOBLE INC COM
WNEB,WESTERN NEW ENGLAND BANCORP INC
AOSL,ALPHA & OMEGA SEMICO SHS
CZNC,CITIZENS & NORTHN CO COM
FARM,FARMER BROS CO COM
HIFS,HINGHAM INSTN SVGS M COM
BLMT,BSB BANCORP INC
NINE,NINE ENERGY SVC INC
FLWS,1 800 FLOWERS COM CL A
LMNR,LIMONEIRA CO COM
LBRT,LIBERTY OILFIELD SVCS INC CL ACOM
PACB,PACIFIC BIOSCIENCES COM
CRBP,CORBUS PHARMACEUTICALS HLDGS
EVOP,EVO PAYMENTS INC CL A
SPOK,SPOK HLDGS INC
BAS,BASIC ENERGY SVCS IN COM
CALX,CALIX INC COM
DERM,DERMIRA INC
POWL,POWELL INDS INC COM
GOGO,GOGO INC
ERII,ENERGY RECOVERY INC COM
NERV,MINERVA NEUROSCIENCES INC
TWIN,TWIN DISC INC COM
TREC,TRECORA RES
MLR,MILLER INDS INC TENN COM NEW
MITK,MITEK SYSTEMS INC
ATHX,ATHERSYS INC COM
TRNC,TRONC INC
APLS,APELLIS PHARMACEUTICALS INC COM
DAKT,DAKTRONICS INC COM
SOI,SOLARIS OILFIELD INFRSTR INC COM CL A
MRT,MEDEQUITIES REALTY TRUST INC
NGS,NATURAL GAS SERVICES COM
ASPS,ALTISOURCE PORTFOLIO REG SHS
BSET,BASSETT FURNITURE IN COM
INBK,FIRST INTERNET BANCORP
SN,SANCHEZ ENERGY CORP
TTS,TILE SHOP HLDGS INC
PI,IMPINJ INC
DFRG,DEL FRISCOS RESTAURANT GROUP INC
CDZI,CADIZ INC COM NEW
TCI,TRANSCONTINENTAL RLT COM NEW
RBBN,RIBBON COMMUNICATIONS INC
RICK,RCI HOSPITALITY HLDS INC
NMRK,NEWMARK GROUP INC CL A
GLDD,GREAT LAKES DREDGE & COM
DOVA,DOVA PHARMACEUTICALS INC
NSTG,NANOSTRING TECHNOLOGIES INC
FLXS,FLEXSTEEL INDS INC COM
ADVM,ADVERUM BIOTECHNOLOGIES INC
SRCE,1ST SOURCE CORP COM
SLD,SUTHERLAND ASSET MANAGEMENT CORPORATION
ENZ,ENZO BIOCHEM INC COM
NRIM,NORTHRIM BANCORP INC COM
LIND,LINDBLAD EXPEDITIONS HOLDINGS INC
SENS,SENSEONICS HOLDINGS INC
FC,FRANKLIN COVEY CO COM
CLD,CLOUD PEAK ENERGY IN COM
BRS,BRISTOW GROUP INC COM
CIVI,CIVITAS SOLUTIONS INC
BFIN,BANKFINANCIAL CORP COM
HONE,HARBORONE BANCORP INC
DRRX,DURECT CORP COM
NOG,NORTHERN OIL & GAS I COM
AFI,ARMSTRONG FLOORING INC
RUSHB,RUSH ENTERPRISES INC CL B
SFE,SAFEGUARD SCIENTIFIC COM NEW
AXTI,AXT INC COM
ATLO,AMES NATL CORP COM
FNHC,FEDERATED NATL HLDG CO
WMIH,WMIH CORP COM
CDNA,CAREDX INC
RTIX,RTI SURGICAL INC
MLNT,MELINTA THERAPEUTICS INC
CURO,CURO GROUP HLDGS CORP COM
ERA,"ERA GROUP, INC."
PRTK,PARATEK PHARMACEUTICALS INC
CTSO,CYTOSORBENTS CORP
KIN,KINDRED BIOSCIENCES INC
LAYN,LAYNE CHRISTENSEN CO COM
NPTN,NEOPHOTONICS CORP
OPY,OPPENHEIMER HLDGS IN CL A NON VTG
AGEN,AGENUS INC
MRLN,MARLIN BUSINESS SVCS COM
IO,ION GEOPHYSICAL CORP COM
DNLI,DENALI THERAPEUTICS INC
JCAP,JERNIGAN CAPITAL INC
CVLY,CODORUS VY BANCORP I COM
SMBC,SOUTHERN MO BANCORP COM
HCHC,HC2 HOLDINGS INC
RMTI,ROCKWELL MEDICAL INC
NATH,NATHANS FAMOUS INC N COM
BH,BIGLARI HLDGS INC CLASS B
EGC,ENERGY XXI GULF COAST INC
EVC,ENTRAVISION COMMUNIC CL A
CSU,CAPITAL SR LIVING CO COM
MEET,THE MEET GROUP INC
MPO,"MIDSTATES PETROLEUM COMPANY, INC."
CCBG,CAPITAL CITY BK GROU COM
RDI,READING INTERNATIONA CL A
AVEO,AVEO PHARMACEUTICALS INC
MOBL,MOBILEIRON INC
CVCY,CENTRAL VALLEY CMNTY COM
FPI,FARMLAND PARTNERS INC REIT
CSLT,CASTLIGHT HEALTH INC CL B
BOJA,BOJANGLES INC COM
OFLX,OMEGA FLEX INC COM
FOR,FORESTAR GROUP INC
HIL,HILL INTERNATIONAL I COM
ITIC,INVESTORS TITLE CO COM
PICO,PICO HLDGS INC COM NEW
BATRA,LIBERTY MEDIA CORP SER A LIBERTY BRAVES
DSPG,DSP GROUP INC COM
TBNK,TERRITORIAL BANCORP COM
GPX,GP STRATEGIES CORP COM
IIPR,INNOVATIVE INDL PROPERTIES INC
KDMN,KADMON HOLDINGS INC
MFSF,MUTUALFIRST FINL INC COM
GCAP,GAIN CAP HLDGS INC COM
SHBI,SHORE BANCSHARES INC COM
KOPN,KOPIN CORP COM
SMBK,SMARTFINANCIAL INC
SMMF,SUMMIT FINANCIAL GRO COM
MRSN,MERSANA THERAPEUTICS INC
MNKD,MANNKIND CORP COM
WLDN,WILLDAN GROUP INC COM
GHM,GRAHAM CORP COM
EPM,EVOLUTION PETROLEUM COM
AT,ATLANTIC PWR CORP COM NEW
XXII,22ND CENTURY GROUP INC
CLSD,CLEARSIDE BIOMEDICAL INC
CTO,CONSOLIDATED TOMOKA COM
SYRS,SYROS PHARMACEUTICALS INC
ISTR,INVESTAR HLDG CORP
GNTY,GUARANTY BANCSHARES INC
BSTC,BIOSPECIFICS TECHNOL COM
AGYS,AGILYSYS INC COM
ZUO,ZUORA INC CL A
CORI,CORIUM INTL INC
SNNA,SIENNA BIOPHARMACEUTICALS INC
CNBKA,CENTURY BANCORP INC CL A NON VTG
FBM,FNDTN BLDG MATLS INC
CTIC,CTI BIOPHARMA CORP
MDCA,MDC PARTNERS INC CL A SUB VTG
OSG,OVERSEAS SHIPHOLDING GROUP INC CLASS A
SIGM,SIGMA DESIGNS INC COM
VRA,VERA BRADLEY INC COM
SKY,SKYLINE CORP COM
LOCO,EL POLLO LOCO HLDGS INC
BLBD,BLUE BIRD CORP
CNTY,CENTURY CASINOS INC COM
EMCI,EMC INS GROUP INC COM
VLGEA,VILLAGE SUPER MKT IN CL A NEW
CVGI,COMMERCIAL VEH GROUP COM
DJCO,DAILY JOURNAL CORP COM
NVTR,NUVECTRA CORP
BWINB,BALDWIN & LYONS INC CL B
SBT,STERLING BANCORP INC
CASI,CASI PHARMACEUTICALS INC
SLP,SIMULATIONS PLUS INC COM
PLPC,PREFORMED LINE PRODS COM
ZEUS,OLYMPIC STEEL INC COM
FBIZ,FIRST BUS FINL SVCS COM
SBBX,SB ONE BANCORP
BRG,BLUEROCK RESIDENT GROWTH REIT INC
MRNS,MARINUS PHARMACEUTICALS INC
SGC,SUPERIOR GROUP OF COMPANIES INC
FRAN,FRANCESCA'S HLDGS CORP
HOV,HOVNANIAN ENTERPRISE CL A
CRVS,CORVUS PHARMACEUTICALS INC
COOL,POLARITYTE INC
ULH,UNIVERSAL LOGISTICS HOLDINGS INC
WEYS,WEYCO GROUP INC COM
EVBN,EVANS BANCORP INC COM NEW
FNBG,FNB BANCORP
UEC,URANIUM ENERGY CORP COM
ADES,ADVANCED EMISSIONS SOLUTIONS INC
ACNB,ACNB CORP COM
GNC,GNC HLDG INC
CIVB,CIVISTA BANCSHARES INC
PETX,ARATANA THERAPEUTICS INC
TPB,TURNING POINT BRANDS INC
ORN,ORION GROUP HOLDINGS INC
GAIA,GAIA INC CL A
PTN,PALATIN TECHNOLOGIES COM PAR $ .01
CHMI,CHERRY HILL MORTGAGE INVT CORP
ORRF,ORRSTOWN FINL SVCS I COM
PWOD,PENNS WOODS BANCORP COM
TRK,SPEEDWAY MOTORSPORTS COM
AJX,GREAT AJAX CORP
TSBK,TIMBERLAND BANCORP I COM
ESXB,COMMUNITY BANKERS TR COM
INAP,INTERNAP CORP
APPN,APPIAN CORP CL A
OOMA,OOMA INC
CBIO,CATALYST BIOSCIENCES INC
RAIL,FREIGHTCAR AMER INC COM
FRBA,FIRST BANK
WIN,WINDSTREAM HLDGS INC
SVRA,SAVARA INC
UFPT,UFP TECHNOLOGIES INC COM
CFFI,C & F FINL CORP COM
BTX,BIOTIME INC COM
HMTV,HEMISPHERE MEDIA GP CL A
AMBR,AMBER ROAD INC
DCPH,DECIPHERA PHARMACEUTICALS INC
AMRC,AMERESCO INC CL A
ONVO,ORGANOVO HLDS INC
CRR,CARBO CERAMICS INC COM
MSL,MIDSOUTH BANCORP INC COM
USAP,UNIVERSAL STAINLESS COM
KIRK,KIRKLANDS INC COM
SGA,SAGA COMMUNICATIONS CL A NEW
OCUL,OCULAR THERAPEUTIX INC
PRGX,PRGX GLOBAL INC COM NEW
CMRX,CHIMERIX INC
BPRN,THE BANK OF PRINCETON
BNED,BARNES & NOBLES EDUCATION INC
IHC,INDEPENDENCE HLDG CO COM NEW
TTPH,TETRAPHASE PHARMACEUTICALS INC
NWPX,NORTHWEST PIPE CO COM
BWFG,"BANKWELL FINANCIAL GROUP, INC"
INSY,INSYS THERAPEUTICS INC
PFBI,PREMIER FINL BANCORP COM
STRS,STRATUS PPTYS INC COM NEW
SLDB,SOLID BIOSCIENCES INC
LE,LANDS END INC
ODC,OIL DRI CORP AMER COM
CHMG,CHEMUNG FINANCIAL CORP
BREW,CRAFT BREW ALLIANCE INC
AVID,AVID TECHNOLOGY INC
TLYS,TILLYS INC
PIR,PIER 1 IMPORTS INC COM
RCKY,ROCKY BRANDS INC COM
BCBP,BCB BANCORP INC COM
RVSB,RIVERVIEW BANCORP IN COM
EVI,ENVIROSTAR INC COM
RGCO,RGC RES INC COM
SELB,SELECTA BIOSCIENCES INC
IIN,INTRICON CORP COM
ENFC,ENTEGRA FINL CORP
AVHI,AV HOMES INC
BW,BABCOCK & WILCOX ENTERPRISES INC
ACTG,ACACIA RESH CORP ACACIA TCH COM
RBNC,RELIANT BANCORP INC
BOCH,BANK COMM HLDGS COM
RYI,RYERSON HOLDING CORP
SBOW,SILVERBOW RES INC
VCYT,VERACYTE INC
MBTF,MBT FINL CORP COM
ARA,AMERICAN RENAL ASSOC HLDG INC
JNCE,JOUNCE THERAPEUTICS INC COM
UNB,UNION BANKSHARES INC COM
SENEA,SENECA FOODS CORP NE CL A
BELFB,BEL FUSE INC CL B
FSTR,FOSTER L B CO COM
ZN,ZION OIL & GAS INC COM
MGI,MONEYGRAM INTL INC
HABT,HABIT RESTAURANTS INC CL A
AGFS,AGROFRESH SOLUTIONS COM
ZOES,ZOES KITCHEN INC
BPI,BRIDGEPOINT ED INC COM
SLCT,SELECT BANCORP INC
DLTH,DULUTH HOLDINGS INC CL B
LCNB,LCNB CORP
NWFL,NORWOOD FINANCIAL CO COM
EGAN,EGAIN CORP
AC,ASSOCIATED CAPITAL GROUP INC
OPTN,OPTINOSE INC
CUE,CUE BIOPHARMA INC
SFIX,STITCH FIX INC CL A
LLEX,LILIS ENERGY INC
GMRE,GLOBAL MEDICAL REIT INC
TCFC,COMMUNITY FINL CORP MD
KODK,EASTMAN KODAK COMPANY
REIS,REIS INC COM
SPA,SPARTON CORP COM
FNWB,FIRST NORTHWEST BANCORP
TTOO,T2 BIOSYSTEMS INC
MXWL,MAXWELL TECHNOLOGIES COM
UNTY,UNITY BANCORP INC COM
FSBW,FS BANCORP INC
AGLE,AEGLEA BIOTHERAPEUTICS INC
KVHI,KVH INDS INC COM
KEG,KEY ENERGY SERVICES INC
AOI,ALLIANCE ONE INTL IN COM
FTK,FLOTEK INDS INC DEL COM
CECE,CECO ENVIRONMENTAL C COM
KALA,KALA PHARMACEUTICALS INC COM
CVON,CONVERGEONE HOLDINGS INC
RLH,RED LION HOTELS CORP COM
ARDX,ARDELYX INC
TOCA,TOCAGEN INC
FRTA,FORTERRA INC
BGFV,BIG 5 SPORTING GOODS COM
TNAV,TELENAV INC COM
SIFI,SI FINCL GRP INC
SPWH,SPORTSMANS WAREHOUSE HLDGS INC
MLVF,MALVERN BANCORP INC
TPHS,TRINITY PLACE HOLDINGS INC
MNTX,MANITEX INTL INC COM
NODK,NI HOLDINGS INC
MCRB,SERES THERAPEUTICS INC
PFSW,PFSWEB INC COM NEW
EML,EASTERN CO COM
NHTC,NATURAL HEALTH TRENDS CORP
MBCN,MIDDLEFIELD BANC CORP
MVBF,MVB FINANCIAL CORPORATION
ORM,OWENS REALTY MORTGAGE INC
VHC,VIRNETX HLDG CORP COM
CCO,CLEAR CHANNEL OUTDOO CL A
FONR,FONAR CORP COM NEW
NES,"NUVERRA ENVIRONMENTAL SOLUTION , INC."
ESTE,EARTHSTONE ENERGY INC CL A
KINS,KINGSTONE COS INC COM
SHLO,SHILOH INDS INC COM
HBB,HAMILTON BEACH BRANDS HLDG CO
NBN,NORTHEAST BANCORP COM
EIGR,EIGER BIOPHARMACEUTICALS INC
BAND,BANDWIDTH INC COM CL A
ZFGN,ZAFGEN INC
PCYO,PURECYCLE CORP COM NEW
BGSF,BG STAFFING INC
CWBR,COHBAR INC
CBLK,CARBON BLACK INC
CDMO,AVID BIOSERVICES INC
CLAR,CLARUS CORP
USLM,UNITED STATES LIME & COM
WAAS,AQUAVENTURE HOLDINGS LIMITED
USAK,USA TRUCK INC COM
SSTI,SHOTSPOTTER INC
LAND,GLADSTONE LD CORP
ASUR,ASURE SOFTWARE INC COM
HBMD,HOWARD BANCORP INC
DGICA,DONEGAL GROUP INC CL A
HCOM,HAWAIIAN TELCOM HOLDCO INC
GTXI,GTX INC DEL COM
CLUB,TOWN SPORTS INTL HLD COM
PETQ,PETIQ INC COM CL A
IMDZ,IMMUNE DESIGN CORP
RNET,RIGNET INC COM
IESC,IES HOLDINGS INC
PBIP,PRUDENTIAL BANCORP INC NEW
JAX,J. ALEXANDER?S HOLDINGS INC
HZN,HORIZON GLOBAL CORP
CLXT,CALYXT INC COM
ESSA,ESSA BANCORP INC COM
PMBC,PACIFIC MERCANTILE B COM
PZN,PZENA INVESTMENT MGM CLASS A
SYNL,SYNALLOY CP DEL COM
TIPT,TIPTREE INC CL A
ADMA,ADMA BIOLOGICS INC
VUZI,VUZIX CORP
NEOS,NEOS THERAPEUTICS INC
MCB,METROPOLITAN BK HLDG CORP
NLNK,NEWLINK GENETICS CORP
PAR,PAR TECHNOLOGY CORP COM
DWSN,DAWSON GEOPHYSICAL COM
ICD,INDEPENDENCE CONTRACT DRILLING INC
HNRG,HALLADOR ENERGY COMP COM
GALT,GALECTIN THERAPEUTICS INC
LQDT,LIQUIDITY SERVICES I COM
ELVT,ELEVATE CREDIT INC
IOTS,ADESTO TECHNOLOGIES CORP
GENC,GENCOR INDS INC COM
GEOS,GEOSPACE TECHNOLOGIES CORP
PEBK,PEOPLES BANCORP N C COM
LFGR,LEAF GROUP LTD
CRK,COMSTOCK RES INC COM NEW
XELA,EXELA TECHNOLOGIES INC
FCCO,FIRST CMNTY CORP S C COM
PFNX,PFENEX INC
GIFI,GULF ISLAND FABRICAT COM
ABCD,CAMBIUM LEARNING GRP COM
FFNW,FIRST FINANCIAL NORT COM
PEIX,PACIFIC ETHANOL INC
FLDM,FLUIDIGM CORP
III,INFORMATION SERVICES COM
CSS,CSS INDS INC COM
VTL,VITAL THERAPIES INC
RLGT,RADIANT LOGISTICS INC
SAFE,SAFETY INCOME & GROWTH INC
FCCY,1ST CONSTITUTION BAN COM
FCEL,FUELCELL ENERGY INC COM
PKBK,PARKE BANCORP INC COM
EMKR,EMCORE CORP
SNDX,SYNDAX PHARMACEUTICALS INC
HBIO,HARVARD BIOSCIENCE I COM
CRD.A,CRAWFORD & CO CL A
ICBK,COUNTY BANCORP INC
FUNC,FIRST UTD CORP COM
CALA,CALITHERA BIOSCIENCES INC
NDLS,NOODLES & CO
NWHM,NEW HOME CO INC
ACRX,"ACELRX PHARMACEUTICAL, INC."
LBY,LIBBEY INC COM
REV,REVLON INC CL A NEW
ITI,ITERIS INC COM
UBFO,UNITED SECURITY BANC COM
CLPR,CLIPPER REALTY INC
ESCA,ESCALADE INC COM
NCSM,NCS MULTISTAGE HOLDINGS INC
LYTS,LSI INDS INC COM
TYME,TYME TECHNOLOGIES INC
NSSC,NAPCO SEC TECHNOLOGI COM
SYBX,SYNLOGIC INC
STRT,STRATTEC SEC CORP COM
PHIIK,PHI INC COM NON VTG
NC,NACCO INDS INC CL A
ODT,ODONATE THERAPEUTICS INC
XOMA,XOMA CORP
FGBI,FIRST GUARANTY BANCSHARES INC
LBC,LUTHER BURBANK CORP
LCUT,LIFETIME BRANDS INC COM
TCS,THE CONTAINER STORE GROUP INC
HWCC,HOUSTON WIRE & CABLE COM
GFN,GENERAL FINANCE CORP COM
ADMP,ADAMIS PHARMACEUTICALS CORP
AAC,AAC HOLDINGS INC
HIVE,AEROHIVE NETWORKS INC
ALDX,ALDEYRA THERAPEUTICS INC
TRCB,TWO RIVER BANCORP
SPNE,SEASPINE HOLDINGS CORP
BDSI,BIODELIVERY SCIENCES COM
MVIS,MICROVISION INC DEL
PDLB,PDL COMMUNITY BANCORP
AREX,APPROACH RESOURCES I COM
ROX,CASTLE BRANDS INC COM
TLRA,TELARIA INC
HALL,HALLMARK FINL SVCS I COM NEW
CBFV,CB FINANCIAL SERVICES INC
MBII,MARRONE BIO INNOVATIONS INC
EGY,VAALCO ENERGY INC COM NEW
BH.A,BIGLARI HLDGS INC CLASS A
AMPE,AMPIO PHARMACEUTICALS INC
ESQ,ESQUIRE FINANCIAL HLDGSINC
AMSC,AMERICAN SUPERCONDUCTOR CORP
LEE,LEE ENTERPRISES INC COM
SND,SMART SAND INC
EARN,ELLINGTON RESIDENTIAL MTG REIT
TRNS,TRANSCAT INC COM
MEIP,MEI PHARMA INC
ZYNE,ZYNERBA PHARMACEUTICALS INC
MGEN,MIRAGEN THERAPEUTICS INC
SBPH,SPRING BANK PHARMACEUTICALS INC
VSI,VITAMIN SHOPPE INC COM
CFRX,CONTRAFECT CORPORATION
BBW,BUILD A BEAR WORKSHO COM
PXLW,PIXELWORKS INC COM NEW
NTIC,NORTHERN TECH INTL C COM
GLF,GULFMARK OFFSHORE INC
NWY,NEW YORK & CO INC COM
CEMI,CHEMBIO DIAGNOSTICS INC
CLFD,CLEARFIELD INC COM
TLGT,TELIGENT INC
HEAR,TURTLE BEACH CORP
QHC,QUORUM HEALTH CORP
SFS,SMART & FINAL STORES INC
ASYS,AMTECH SYS INC COM PAR $0.01N
CSTR,CAPSTAR FINANCIAL HOLDINGS INC
HBP,HUTTIG BUILDING PRODUCTS INC
GBL,GAMCO INVESTORS INC COM
MPX,MARINE PRODS CORP COM
AVXL,ANAVEX LIFE SCIENCES CORP
JMBA,JAMBA INC
PTI,PROTEOSTASIS THERAPEUTICS INC
CNAT,CONATUS PHARMACEUTICALS INC
TUES,TUESDAY MORNING CORP COM NEW
DNBF,DNB FINL CORP COM
VERI,VERITONE INC
VSLR,VIVINT SOLAR INC
AP,AMPCO-PITTSBURGH COR COM
CLCT,COLLECTORS UNIVERSE COM NEW
TESS,TESSCO TECHNOLOGIES COM
CYBE,CYBEROPTICS CORP COM
OTIC,OTONOMY INC
QUIK,QUICKLOGIC CORP COM
ENT,GLOBAL EAGLE ENTMT INC
WLFC,WILLIS LEASE FINANCE COM
PLBC,PLUMAS BANCORP COM
MBIO,MUSTANG BIO INC
SPHS,SOPHIRIS BIO INC
BOMN,BOSTON OMAHA CORP CL A
SPKE,SPARK ENERGY INC CL A
MACK,MERRIMACK PHARMACEUTICALS INC
EPE,EP ENERGY CORP
VOXX,VOXX INTL CORP
LAKE,LAKELAND INDS INC COM
AFH,ATLAS FINANCIAL HLDGS INC
BVX,BOVIE MEDICAL CORP COM
MCF,CONTANGO OIL & GAS C COM NEW
CDXC,CHROMADEX CORP
DLA,DELTA APPAREL INC COM
GEN,GENESIS HEALTHCARE INC
ALOT,ASTRONOVA INC
SBFG,SB FINL GROUP INC
CMT,CORE MOLDING TECHNOL COM
LAWS,LAWSON PRODS INC COM
PCTI,PC-TEL INC COM
GSIT,GSI TECHNOLOGY COM
RELL,RICHARDSON ELECTRS L COM
DHX,DHI GROUP INC
HOS,HORNBECK OFFSHORE SV COM
NGVC,NATURAL GROCERS BY VITAMIN COT
GRIF,GRIFFIN INDUSTRIAL REALTY INC
PROV,PROVIDENT FINL HLDGS COM
JILL,J JILL INC COM
GCBC,GREENE COUNTY BANCOR COM
PVBC,PROVIDENT BANCORP INC
PFIE,PROFIRE ENERGY INC
SMAR,SMARTSHEET INC COM CL A
ASPU,ASPEN GROUP INC
LXU,LSB INDS INC COM
PCMI,PCM INC
FSFG,FIRST SAVINGS FINL G COM
OPOF,OLD POINT FINL CORP COM
AQ,AQUANTIA CORP COM
AMRS,AMYRIS INC COM
GV,GOLDFIELD CORP COM
OPHT,OPHTHOTECH CORP
RUBI,THE RUBICON PROJECT INC
PMD,PSYCHEMEDICS CORP COM NEW
BRT,BRT APARTMENTS CORP
APPS,DIGITAL TURBINE INC
INFI,INFINITY PHARMACEUTI COM
ULBI,ULTRALIFE CORP COM
CRD.B,CRAWFORD & CO CL B
SAMG,SILVERCREST ASSET MANAGEMENT GROUP INC CL A COM
XRM,XERIUM TECHNOLOGIES COM NEW
DWCH,DATAWATCH CORP COM NEW
RARX,RA PHARMACEUTICALS INC
CDTX,CIDARA THERAPEUTICS INC
URG,UR ENERGY INC COM
AKTS,AKOUSTIS TECHNOLOGIES INC
UCBA,UNITED CMNTY BANCORP IND
APVO,APTEVO THERAPEUTICS INC
ASPN,ASPEN AEROGELS INC
LONE,LONESTAR RESOURCES US INC CL A
SEAC,SEACHANGE INTL INC COM
FTD,FTD COMPANIES INC
GST,GASTAR EXPLORATION INC
PCYG,PARK CITY GROUP INC COM NEW
KIDS,ORTHOPEDIATRICS CORP
IVAC,INTEVAC INC COM
EYPT,EYEPOINT PHARMACEUTICALS INC
TAX,LIBERTY TAX INC CL A
TRVN,TREVENA INC
INSE,INSPIRED ENTMT INC
FLNT,FLUENT INC
SHLD,SEARS HLDGS CORP COM
ALCO,ALICO INC COM
CWAY,COASTWAY BANCORP INC
RESN,RESONANT INC
CTG,COMPUTER TASK GROUP COM
SMRT,STEIN MART INC COM
PTSI,P A M TRANSN SVCS IN COM
AMRB,AMERICAN RIVER BANKS COM
PTGX,PROTAGONIST THERAPEUTICS INC
IMH,IMPAC MTG HLDGS INC COM NEW
JNP,JUNIPER PHARMACEUTICALS INC
QTM,QUANTUM CORP
MCHX,MARCHEX INC CL B
FBIO,FORTRESS BIOTECH INC
OVID,OVID THERAPEUTICS INC
NK,NANTKWEST INC
PRCP,PERCEPTRON INC COM
AHC,A H BELO CORP COM CL A
SCWX,SECUREWORKS CORP CL A
KTCC,KEY TRONICS CORP COM
IDT,IDT CORP CL B NEW
IDSY,I D SYSTEMS INC COM
HTGM,HTG MOLECULAR DIAGNOSTICS INC
MARK,REMARK HOLDINGS INC
ADXS,ADVAXIS INC
TZOO,TRAVELZOO
EBMT,EAGLE BANCORP MONT I COM
APRN,BLUE APRON HLDGS INC CL A
MSBF,MSB FINANCIAL CORP
OMED,ONCOMED PHARMACEUTICALS INC
ARC,ARC DOCUMENT SOLUTIONS INC
CVU,CPI AEROSTRUCTURES I COM NEW
AQMS,AQUA METALS INC COM
CPST,CAPSTONE TURBINE COR COM
MLP,MAUI LD & PINEAPPLE COM
LUNA,LUNA INNOVATIONS COM
SFBC,SOUND FINL BANCORP INC
MSON,MISONIX INC COM
ARTX,AROTECH CORP COM NEW
BCLI,BRAINSTORM CELL THERAPEUTICS INC
GEC,GREAT ELM CAPITAL GROUP INC
SOHO,SOTHERLY HOTELS INC
VVUS,VIVUS INC COM
RFL,RAFAEL HLDGS INC CL B
RNDB,RANDOLPH BANCORP INC
FSNN,FUSION CONNECT INC
RNWK,REALNETWORKS INC
SCYX,SCYNEXIS INC
KEQU,KEWAUNEE SCIENTIFIC COM
CUI,CUI GLOBAL INC COMMON
CLDX,CELLDEX THERAPEUTICS COM
HDSN,HUDSON TECHNOLOGIES COM
ALSK,ALASKA COMMUNICATION COM
IRMD,IRADIMED CORP
REPH,RECRO PHARMA INC
SQBG,SEQUENTIAL BRNDS GROUP INC NEW COM
GNE,GENIE ENERGY LTD CL B
ONCS,ONCOSEC MEDICAL INC
HNNA,HENNESSY ADVISORS INC
ACET,ACETO CORP COM
NATR,NATURES SUNSHINE PRO COM
ISRL,ISRAMCO INC COM NEW
TACT,TRANSACT TECHNOLOGIE COM
BKSC,BANK SOUTH CAROLINA COM
WKHS,WORKHORSE GROUP INC
BLFS,BIOLIFE SOLUTIONS INC
AE,ADAMS RES & ENERGY I COM NEW
ASRV,AMERISERV FINL INC COM
IVTY,INVUITY INC
CFMS,CONFORMIS INC COM
SNSS,SUNESIS PHARMACEUTICALS INC
MFNC,MACKINAC FINL CORP COM
CRIS,CURIS INC COM
AINC,ASHFORD INC
KMPH,KEMPHARM INC
GWRS,GLOBAL WATER RESOURCES INC
RNN,REXAHN PHARMACEUTICA COM
HLTH,NOBILIS HEALTH CORP
CVRS,CORINDUS VASCULAR ROBOTICS INC
SSBI,SUMMIT ST BK SANTA R COM
IRIX,IRIDEX CORP COM
FNKO,FUNKO INC CL A
NOVN,NOVAN INC
RRTS,ROADRUNNER TRNSN SVC COM
EDUC,EDUCATIONAL DEV CORP COM
ACU,ACME UTD CORP COM
XBIT,XBIOTECH INC
GDP,GOODRICH PETROLEUM CORPORATION
PFMT,PERFORMANT FINL CORP
VIRC,VIRCO MFG CO COM
NL,NL INDS INC COM NEW
VERU,VERU INC
SVBI,SEVERN BANCORP  ANNA COM
NTRP,NEUROTROPE INC
FLL,FULL HOUSE RESORTS I COM
SITO,SITO MOBILE LTD
SRT,STARTEK INC COM
DZSI,DASAN ZHONE SOLUTIONS INC
XONE,THE EXONE CO
AVNW,AVIAT NETWORKS INC COM
CZWI,CITIZENS CMNTY BANCO COM
HCFT,HUNT COMPANIES FINANCE TRUST INC
SNMX,SENOMYX INC COM
RIOT,RIOT BLOCKCHAIN INC
OMEX,ODYSSEY MARINE EXPLO COM
PBBI,PB BANCORP INC
PLSE,PULSE BIOSCIENCES INC
SSI,STAGE STORES INC COM NEW
LRAD,LRAD CORP COM
EKSO,EKSO BIONICS HOLDINGS INC
NTWK,NETSOL TECHNOLOGIES INC
CPSS,CONSUMER PORTFOLIO S COM
INSG,INSEEGO CORP
ECR,ECLIPSE RESOURCES CORP
EYES,SECOND SIGHT MEDICAL PRODUCTS INC
JYNT,THE JOINT CORP
AIRG,AIRGAIN INC
BCRH,BLUE CAPITAL REINSURANCE HOLDINGS LTD
UFAB,UNIQUE FABRICATING INC COM
ALPN,ALPINE IMMUNE SCIENCES INC
MRAM,EVERSPIN TECHNOLOGIES INC
STCN,STEEL CONNECT INC
UTI,UNIVERSAL TECHNICAL COM
ATOM,ATOMERA INC
EVLV,EVINE LIVE INC CL A
LFVN,LIFEVANTAGE CORP
IROQ,IF BANCORP INC
NAII,NATURAL ALTERNATIVES COM NEW
JASN,JASON INDS INC
RGLS,REGULUS THERAPEUTICS INC
EDGW,EDGEWATER TECHNOLOGY COM
FUSB,FIRST US BANCSHARES INC
TST,THESTREET INC
LPTX,LEAP THERAPEUTICS INC
BOTJ,BANK OF THE JAMES FINL GP
RMCF,ROCKY MTN CHOCOLATE COM PAR $0.03
MTEM,MOLECULAR TEMPLATES INC
ALNA,ALLENA PHARMA INC
APEN,APOLLO ENDOSURGERY INC COM
INTT,INTEST CORP COM
AMRK,A MARK PRECIOUS METALS INC
PKD,PARKER DRILLING CO COM
PPIH,PERMA PIPE INTERNATIONAL HOLDINGS INC
DXLG,DESTINATION XL GROUP INC
VIVE,VIVEVE MED INC
LMB,LIMBACH HLDGS INC
CELC,CELCUITY INC
GNMX,AEVI GENOMIC MEDICINE INC
TRCH,TORCHLIGHT ENERGY RESOURCES INC
CKPT,CHECKPOINT THERAPEUTICS INC
TSQ,TOWNSQUARE MEDIA LLC CL A
CPIX,CUMBERLAND PHARMACEU COM
INFU,INFUSYSTEM HLDGS INC COM
AXSM,AXSOME THERAPEUTICS INC
SYNC,"SYNACOR, INC."
AAMC,ALTISOURCE ASSET MANAGEMENT CORP
ESP,ESPEY MFG & ELECTRS COM
TORC,RESTORBIO INC
SANW,S&W SEED CO COM
ESBK,ELMIRA SVGS BK ELMIRA N Y
ANCB,ANCHOR BANCORP
BTN,BALLANTYNE STRONG IN COM
MATR,MATTERSIGHT CORP
RNGR,RANGER ENERGY SVCS INC CL A
RFIL,RF INDS LTD COM PAR $0.01
EMMS,EMMIS COMMUNICATIONS CL A
CDOR,CONDOR HOSPITALITY TR INC
INVE,IDENTIV INC
AGTC,APPLIED GENETIC TECHNOLOGIES CORP
UG,UNITED GUARDIAN INC COM
CZFC,CITIZENS FIRST CORP COM
PESI,PERMA-FIX ENVIRONMENTAL SVCS
SRTS,SENSUS HEATLHCARE INC
TPIV,TAPIMMUNE INC
NICK,NICHOLAS FINANCIAL I COM NEW
DAIO,DATA I O CORP COM
GEMP,GEMPHIRE THERAPEUTICS INC
MNI,MCCLATCHY CO CL A
AWRE,AWARE INC MASS COM
UONEK,URBAN ONE INC CL D
TGEN,TECOGEN INC
RVLT,REVOLUTION LIGHTING TECHNOLOGI
ZSAN,ZOSANO PHARMA CORP
ITUS,ITUS CORP
CRWS,CROWN CRAFTS INC COM
ARKR,ARK RESTAURANTS CORP COM
ASNS,ARSANIS INC
BCTF,BANCORP 34 INC
EMAN,EMAGIN CORP COM NEW
SKIS,PEAK RESORTS INC
JXSB,JACKSONVILLE BANCORP COM
AEHR,AEHR TEST SYSTEMS COM
MNLO,MENLO THERAPEUTICS INC COM
METC,RAMACO RES INC
SHSP,SHARPSPRING INC
PBHC,PATHFINDER BANCORP INC
ICAD,ICAD INC
KRYS,KRYSTAL BIOTECH INC
LUB,LUBYS INC COM
SALM,SALEM MEDIA GROUP INC CL A
SESN,SESEN BIO INC
MN,MANNING & NAPIER INC
SNFCA,SECURITY NATL FINL C CL A NEW
IEC,IEC ELECTRS CORP NEW COM
CLSN,CELSION CORPORATION
HSGX,HISTOGENICS CORP
RMNI,RIMINI STREET INC
ALIM,ALIMERA SCIENCES INC COM
SCPH,SCPHARMACEUTICALS INC
FEIM,FREQUENCY ELECTRS IN COM
PTIE,PAIN THERAPEUTICS INC
GNCA,GENOCEA BIOSCIENCES INC
GSB,GLOBALSCAPE INC COM
CFBK,CENTRAL FED CORP
SACH,SACHEM CAP CORP COM
WTT,WIRELESS TELECOM GRO COM
HHS,HARTE-HANKS INC COM
WSTG,WAYSIDE TECHNOLOGY G COM
RCMT,RCM TECHNOLOGIES INC COM NEW
FNJN,FINJAN HLDS INC
UQM,UQM TECHNOLOGIES INC COM
JAKK,JAKKS PAC INC COM
MIND,MITCHAM INDS INC COM
LPTH,LIGHTPATH TECHNOLOGI CL A NEW
FRD,FRIEDMAN INDS INC COM
HSON,HUDSON GLOBAL INC
MRBK,MERIDIAN BANK
SPRT,SUPPORT COM INC COM
DAVE,FAMOUS DAVES AMER IN COM
BLPH,BELLEROPHON THERAPEUTICS INC
PRTS,U.S. AUTO PARTS NETW COM
APT,ALPHA PRO TECH LTD COM
SCX,STARRETT L S CO CL A
PGLC,PERSHING GOLD CORP
PBIB,PORTER BANCORP INC COM
SMED,SHARPS COMPLIANCE CO COM
BBGI,BEASLEY BROADCAST GR CL A
IMMY,IMPRIMIS PHARMACEUTICALS INC
BPMX,BIOPHARMX CORPORATION
LOAN,MANHATTAN BRIDGE CAP COM
ENSV,ENSERVCO CORP
LINC,LINCOLN EDL SVCS COR COM
AST,ASTERIAS BIOTHERAPEUTICS INC
APDN,APPLIED DNA SCIENCES INC
OTTW,OTTAWA BANCORP INC
WYY,WIDEPOINT CORP COM
VSAR,VERSARTIS INC
NVUS,NOVUS THERAPEUTICS INC
MTEX,MANNATECH INC
VICL,VICAL INC COM
CVM,CEL-SCI CORP
BSQR,BSQUARE CORP COM NEW
VRML,VERMILLION INC COM NEW
JONE,JONES ENERGY INC
CLIR,CLEARSIGN COMBUSTION CORPORATION
MTNB,MATINAS BIOPHARMA HOLDINGS INC
GVP,GSE SYS INC COM
SGB,SOUTHWEST GA FINL CO COM
NTIP,NETWORK-1 TECHNOLOGIES INC
CFBI,COMMUNITY FIRST BANCSHARES INC
AUTO,AUTOWEB INC
FRSH,PAPA MURPHYS HLDGS INC
FRED,FREDS INC CL A
FLKS,FLEX PHARMA INC
TLF,TANDY LEATHER FACTOR COM
TIS,ORCHIDS PAPER PRODS COM
GTIM,GOOD TIMES RESTAURANTS INC
CSSE,CHICKEN SOUP FOR THE SOUL ENTERTAINMENT INC CL A
CVV,CVD EQUIPMENT CORP COM
NXTD,NXT-ID INC
CPHC,CANTERBURY PARK HOLD COM
OTEL,OTELCO INC CL A
WHLR,WHEELER REAL ESTATE INVESTMENT TRUST INC
GMO,GENERAL MOLY INC COM
BWEN,BROADWIND ENERGY INC
MBRX,MOLECULIN BIOTECH INC
DEST,DESTINATION MATERNIT COM
BBOX,BLACK BOX CORP DEL COM
UBP,URSTADT BIDDLE PPTYS INC
NAVB,NAVIDEA BIOPHARMACEUTICALS INC
AZRX,AZURRX BIOPHARMA INC
EVOK,EVOKE PHARMA INC
ICON,ICONIX BRAND GROUP I COM
SYN,SYNTHETIC BIOLOGICS INC
KALV,KALVISTA PHARMACEUTICALS INC
DVD,DOVER MOTORSPORTS IN COM
FFBW,FFBW INC
VNCE,VINCE HLDG CORP
RWC,RELM WIRELESS CORP COM
CATS,CATASYS INC
UWN,NEVADA GOLD & CASINO COM NEW
PLXP,PLX PHARMA INC
AIRT,AIR T INC COM
ISSC,INNOVATIVE SOLUTIONS COM
OBLN,OBALON THERAPEUTICS INC
CASM,CAS MED SYS INC COM PAR $0.004
CELH,CELSIUS HOLDINGS INC
VISI,VOLT INFORMATION SCIENCES
DRAD,DIGIRAD CORP COM
RDVT,RED VIOLET INC
MJCO,MAJESCO
DXYN,DIXIE GROUP INC CL A
CYTR,CYTRX CORP
NBEV,NEW AGE BEVERAGES CORP
ELMD,ELECTROMED INC COM
ISDR,ISSUER DIRECT CORP
OCX,ONCOCYTE CORPORATION
BELFA,BEL FUSE INC CL A
NVFY,NOVA LIFESTYLE INC
ONTX,ONCONOVA THERAPEUTICS INC
SELF,GLOBAL SELF STORAGE INC COM
HVBC,HV BANCORP INC
SES,SYNTHESIS ENERGY SYS COM
TAYD,TAYLOR DEVICES INC COM
CATB,CATABASIS PHARMACEUTICALS INC
WVVI,WILLAMETTE VY VINEYA COM
WSTL,WESTELL TECHNOLOGIES CL A
FSBC,FSB BANCORP INC
SLS,SELLAS LIFE SCIENCES GROUP INC
XPLR,XPLORE TECHNOLOGIES CORP
STKS,THE ONE GROUP HOSPITALITY INC
AIRI,AIR INDUSTRIES GROUP
IDN,INTELLICHECK INC
LTRX,LANTRONIX INC COM NEW
AKER,AKERS BIOSCIENCES INC
DIT,AMCON DISTRG CO COM NEW
ATNM,ACTINIUM PHARMACEUTICALS INC
FVE,FIVE STAR SENIOR LIVING INC
OVAS,OVASCIENCE INC
INOD,INNODATA INC
EVOL,EVOLVING SYS INC COM NEW
CTEK,CYNERGISTEK INC
TRMT,TREMONT MORTGAGE TRUST SHARES OF BEN INTEREST
ATEC,ALPHATEC HOLDINGS IN COM
CSPI,CSP INC COM
ASV,ASV HOLDINGS INC
ISR,ISORAY INC COM
IPAS,IPASS INC COM
ALJJ,ALJ REGIONAL HOLDINGS INC
RSYS,RADISYS CORP COM
PRPH,PROPHASE LABS INC COM
ZDGE,ZEDGE INC CL B
BRID,BRIDGFORD FOODS CORP COM
CSBR,CHAMPIONS ONCOLOGY INC
INTX,INTERSECTIONS INC COM
GROW,U S GLOBAL INVS INC CL A
OPNT,OPIANT PHARMACEUTICALS INC
PTX,PERNIX THERAPEUTICS COM
DDE,DOVER DOWNS GAMING & COM
CBK,CHRISTOPHER & BANKS COM
DVCR,DIVERSICARE HEALTHCARE SVCS IN
ICCC,IMMUCELL CORP COM PAR $0.10
CLBS,CALADRIUS BIOSCIENCES INC
NNVC,NANOVIRICIDES INC
GLBZ,GLEN BURNIE BANCORP COM
SGMA,SIGMATRON INTL INC COM
XELB,XCEL BRANDS INC COM
FLGT,FULGENT GENETICS INC
TCON,TRACON PHARMACEUTICALS INC
TNXP,TONIX PHARMACEUTICALS HLDG CORP
JCS,COMMUNICATIONS SYS I COM
DLHC,DLH HLDGS CORP
SDPI,SUPERIOR DRILLING PRODUCTS INC
IMI,INTERMOLECULAR INC.
PZG,PARAMOUNT GOLD NEVADA CORP
VTNR,VERTEX ENERGY INC
LWAY,LIFEWAY FOODS INC COM
MYO,MYOMO INC
SUNW,SUNWORKS INC
CUR,NEURALSTEM INC COM
BMRA,BIOMERICA INC
CHMA,CHIASMA INC
LPCN,LIPOCINE INC
AMTX,AEMETIS INC
GPIC,GAMING PARTNERS INTL COM
DLPN,DOLPHIN ENTERTAINMENT INC
CNFR,CONIFER HLDGS INC COM
VLRX,VALERITAS HOLDINGS INC
CVR,CHICAGO RIVET & MACH COM
SPRO,SPERO THERAPEUTICS INC
CLRO,CLEARONE INC
MDLY,MEDLEY MANAGEMENT INC
AXR,AMREP CORP NEW COM
ATXI,AVENUE THERAPEUTICS INC
SRAX,SOCIAL REALITY INC
CIX,COMPX INTERNATIONAL CL A
DFFN,DIFFUSION PHARMACEUTICALS INC
WVFC,WVS FINL CORP COM
ASCMA,ASCENT CAPITAL GROUP INC SER A
ICCH,ICC HOLDINGS INC
INS,INTELLIGENT SYS CORP COM
SMSI,SMITH MICRO SOFTWARE COM
SLNO,SOLENO THERAPEUTICS INC
JVA,COFFEE HLDGS INC COM
SHOS,SEARS HOMETOWN AND OUTLET STORES INC
VXRT,VAXART INC
SYPR,SYPRIS SOLUTIONS INC COM
JCTCF,JEWETT CAMERON TRADI COM NEW
EFBI,EAGLE FINL BANCORP INC
EAST,EASTSIDE DISTILLING INC
CGIX,CANCER GENETICS INC
EFOI,ENERGY FOCUS INC
MHH,"MASTECH DIGITAL, INC."
IDXG,INTERPACE DIAGNOSTICS GROUP INC
XPL,SOLITARIO ZINC CORP.
LIVE,LIVE VENTURES INC
OPTT,OCEAN POWER TECHNOLOGIES INC
OESX,ORION ENERGY SYSTEMS COM
CPSH,CPS TECHNOLOGIES CORP
EYEN,EYENOVIA INC COM
CTHR,CHARLES & COLVARD LT COM
CIDM,CINEDIGM CORP
QADB,QAD INC CL B
CODX,CO-DIAGNOSTICS INC
VALU,VALUE LINE INC COM
FTEK,FUEL TECH INC COM
ARCW,ARC GROUP WORLDWIDE INC
ESES,ECO-STIM ENERGY SOLUTIONS INC
TTNP,TITAN PHARMACEUTICALS INC COM
PRPL,PURPLE INNOVATION INC
EGLT,EGALET CORP
PRTO,PROTEON THERAPEUTICS INC
DPW,"DPW HOLDINGS, INC."
STRM,STREAMLINE HEALTH SO COM
AEMD,AETHLON MEDICAL INC
KONA,KONA GRILL INC COM
YGYI,YOUNGEVITY INTL INC
PIH,1347 PPTY INS HLDGS INC
PFIN,P & F INDS INC CL A NEW
GNUS,GENIUS BRANDS INTL INC
JOB,GEE GROUP INC
MTBC,MEDICAL TRANSCRIPTION BLG CORP
AUMN,GOLDEN MINERALS CO COM
ROSE,ROSEHILL RESOURCES INC CL A
BIOL,BIOLASE INC
MBOT,MICROBOT MED INC
LEU,CENTRUS ENERGY CORP CL A
LIFE,ATYR PHARMA INC
PPSI,PIONEER POWER SOLUTIONS INC
BPTH,BIOPATH HLDS INC
EDGE,EDGE THERAPEUTICS INC
JTPY,JETPAY CORP
USAU,US GOLD CORP
SNOA,SONOMA PHARMACEUTICALS INC
IFMK,IFRESH INC
CAPR,CAPRICOR THERAPEUTICS INC
PDEX,PRO-DEX INC COLO COM NEW
CYCC,CYCLACEL PHARMACEUTICALS INC
CTRV,CONTRAVIR PHARMACEUTICALS INC
SAUC,DIVERSIFIED RESTAURANT HOLDINGS INC
RBCN,RUBICON TECHNOLOGY I COM
ELON,ECHELON CORP COM
MRIN,MARIN SOFTWARE INC
MLSS,MILESTONE SCIENTIFIC INC
ACMR,ACM RESEARCH INC CL A
QUMU,QUMU CORP
CODA,CODA OCTOPUS GROUP INC
POLA,POLAR PWR INC
PNBK,PATRIOT NATL BANCORP INC
REFR,RESEARCH FRONTIERS I COM
AGRX,AGILE THERAPEUTICS INC
PULM,PULMATRIX INC
ISIG,INSIGNIA SYS INC COM
NHLD,NATIONAL HOLDINGS CORP
ALRN,AILERON THERAPEUTICS INC
UAMY,UNITED STATES ANTIMONY CORP
SGBX,SG BLOCKS INC
DGLY,DIGITAL ALLY INC
AQB,AQUABOUNTY TECHNOLOGIES INC
NEON,NEONODE INC
OCC,OPTICAL CABLE CORP COM NEW
REED,REEDS INC COM
DTRM,DETERMINE INC
CRMD,CORMEDIX INC COM
ONS,ONCOBIOLOGICS INC
IPWR,IDEAL POWER INC
INUV,INUVO INC COM NEW
HAIR,RESTORATION ROBOTICS INC
RMBL,RUMBLEON INC CL B
ISNS,IMAGE SENSING SYS IN COM
FAT,FAT BRANDS INC
LODE,COMSTOCK MINING INC
ENG,ENGLOBAL CORP COM
EEI,ECOLOGY & ENVIRONMEN CL A
NAKD,NAKED BRAND GROUP INC
OBCI,OCEAN BIO CHEM INC COM
BIOC,BIOCEPT INC
LTBR,LIGHTBRIDGE CORP COM
CETX,CEMTREX INC
CLRB,CELLECTAR BIOSCIENCES INC
DYSL,DYNASIL CORP AMER COM
RLJE,RLJ ENTMT INC
ESNC,ENSYNC INC
ARDM,ARADIGM CORP
PRKR,PARKERVISION INC COM
ACY,AEROCENTURY CORP COM
MSN,EMERSON RADIO CORP COM NEW
CBLI,CLEVELAND BIOLABS INC
QBAK,QUALSTAR CORP COM
TROV,TROVAGENE INC
ASFI,ASTA FDG INC COM
SIF,SIFCO INDS INC COM
VTVT,VTV THERAPEUTICS INC
CTXR,CITIUS PHARMACEUTICALS INC
PMTS,CPI CARD GROUP INC
NBY,NOVABAY PHARMACEUTIC COM
CAW,CCA INDS INC COM
QRHC,QUEST RESOURCE HOLDING CORP
PYDS,PAYMENT DATA SYSTEMS INC
IOR,INCOME OPPORTUNITY R COM
SGRP,SPAR GROUP INC COM
OPGN,OPGEN INC
HEB,HEMISPHERX BIOPHARMA COM
HUSA,HOUSTON AMERN ENERGY COM
LEVB,"LEVEL BRANDS, INC."
SNGX,SOLIGENIX INC
SCKT,SOCKET MOBILE INC
NLST,NETLIST INC COM
IDSA,INDUSTRIAL SVCS AMER COM
PRSS,CAFEPRESS INC
RAVE,RAVE RESTAURANT GROUP INC
BKYI,BIO-KEY INTL INC
TRT,TRIO TECH INTL COM NEW
BASI,BIOANALYTICAL SYS IN COM
IKNX,IKONICS CORP COM
WWR,WESTWATER RESOURCES INC
RVEN,REVEN HOUSING REIT INC
HMNY,HELIOS AND MATHESON ANALYTICS INC
FCSC,FIBROCELL SCIENCE INC
CUO,CONTINENTAL MATLS CO COM PAR $0.25
DGSE,DGSE COMPANIES INC COM
CHKE,CHEROKEE INC DEL NEW COM
OMNT,OMINTO INC
OHRP,OHR PHARMACEUTICAL INC
MOC,COMMAND SEC CORP COM
XGTI,XG TECHNOLOGY INC
DARE,DARE BIOSCIENCE INC
SAEX,SAEXPLORATION HLDGS INC
SUMR,SUMMER INFANT INC COM
XSPA,XPRESSPA GROUP INC
CYTX,CYTORI THERAPEUTICS COM
PHII,PHI INC COM VTG
GWGH,GWG HLDGS INC
CYAN,CYANOTECH CORP COM PAR $0.02
HTBX,HEAT BIOLOGICS INC
AMS,AMERICAN SHARED HOSP COM
RVP,RETRACTABLE TECHNOLO COM
NVIV,INVIVO THERAPEUTICS HLDGS CORP
OXBR,OXBRIDGE RE HLDGS LTD
YOGA,YOGAWORKS INC COM
AYTU,AYTU BIOSCIENCES INC
SVT,SERVOTRONICS INC COM
SOFO,SONIC FDRY INC COM NEW
FPAY,FLEXSHOPPER INC
IBIO,IBIO INC
IPIC,IPIC ENTERTAINMENT INC
CTIB,CTI INDUSTRIES CORP COM NEW
RMGN,RMG NETWORKS HLDG CORP
RSLS,RESHAPE LIFESCIENCES INC
NAUH,NATIONAL AMERN UNIV COM
IZEA,IZEA INC
DFBG,DIFFERENTIAL BRANDS GROUP INC
ACHV,ACHIEVE LIFE SCIENCES INC
NTN,NTN BUZZTIME INC COM NEW
CDTI,CDTI ADVANCED MATERIALS INC
YUMA,YUMA ENERGY INC
APRI,APRICUS BIOSCIENCES COM
SSNT,SILVERSUN TECHNOLOGIES INC
NAOV,NANOVIBRONIX INC
AEY,ADDVANTAGE TECHNOLOG COM NEW
ASTC,ASTROTECH CORP COM
ELSE,ELECTRO-SENSORS INC COM
BVSN,BROADVISION INC COM PAR $.001
LGL,LGL GROUP INC COM
KOSS,KOSS CORP COM
BRN,BARNWELL INDS INC COM
DHCP,DITECH HLDG CORP
ALT,"ALTIMMUNE, INC."
TNTR,TINTRI INC
AETI,AMERICAN ELECTRIC TE COM
ANTH,ANTHERA PHARMACEUTICALS INC
UONE,URBAN ONE INC CL A
XBIO,XENETIC BIOSCIENCES INC
AMRH,AMERI HOLDINGS INC
KOOL,CESCA THERAPEUTICS INC
IPDN,PROFESSIONAL DIVERSITY NETWORK INC
